File	Base Sequence	Full Sequence	Monoisotopic Mass	Retention TimePrecursor ChargeAccession
J3_02ng_2_TestSlice	SLAGSSGPGASSGTSGDHGELVVR	SLAGSSGPGASSGTSGDHGELVVR	2184.0407021060005	45.367704978212	3	A0A087X1X7|E9PI39|E9PIZ1|E9PK01|E9PL12|E9PMW7|E9PPR1|E9PQ49|E9PRY8|H0YCK7|P29692
J3_02ng_2_TestSlice	AHSSMVGVNLPQK	AHSSMVGVNLPQK	1366.702719565	48.112528827413	2	P00558
J3_02ng_2_TestSlice	IHVSDQELQSANASVDDSR	IHVSDQELQSANASVDDSR	2069.961389156	48.162947609647	3	P22314
J3_02ng_2_TestSlice	AFGPGLQGGSAGSPAR	AFGPGLQGGSAGSPAR	1428.710975574	45.59596892856	2	P21333|Q60FE5
J3_02ng_2_TestSlice	TVFAEHISDECK	TVFAEHISDEC[Common Fixed:Carbamidomethyl on C]K	1434.644929906	45.583036659781	2	B5MCW2|G5E9G0|H7C422|P39023
J3_02ng_2_TestSlice	ASLEGNLAETENR	ASLEGNLAETENR	1402.668835979	46.147638478502	2	F5GWP8|Q04695
J3_02ng_2_TestSlice	SPYTVTVGQACNPSACR	SPYTVTVGQAC[Common Fixed:Carbamidomethyl on C]NPSAC[Common Fixed:Carbamidomethyl on C]R	1866.835267116	47.398081778113	2	P21333|Q60FE5
J3_02ng_2_TestSlice	RPQYSNPPVQGEVMEGADNQGAGEQGR	RPQYSNPPVQGEVMEGADNQGAGEQGR	2870.300181506	46.668736512089	3	C9J5V9|H0Y449|P67809
J3_02ng_2_TestSlice	RFDDAVVQSDMK	RFDDAVVQSDMK	1409.660914323	47.490246378009	2	E9PK54|E9PKE3|E9PLF4|E9PN25|E9PN89|E9PNE6|E9PPY6|E9PQK7|E9PQQ4|P11142
J3_02ng_2_TestSlice	ASASGSGAQVGGPISSGSSASSVTVTR	ASASGSGAQVGGPISSGSSASSVTVTR	2364.151709109	45.993770077451	3	A0A6Q8PFJ0|P02545
J3_02ng_2_TestSlice	IEDVTPIPSDSTR	IEDVTPIPSDSTR	1428.709638164	46.270892678324	2	A0A2R8Y811|P62263
J3_02ng_2_TestSlice	ITCLCQVPQNAANR	ITC[Common Fixed:Carbamidomethyl on C]LC[Common Fixed:Carbamidomethyl on C]QVPQNAANR	1643.787194724	45.085707428678	2	A0A6Q8PF33|A0A6Q8PFY2|A0A6Q8PGE8|A0A6Q8PGN5|A0A6Q8PGR9|H3BPK7|P49588
J3_02ng_2_TestSlice	AHSSMVGVNLPQK	AHSSMVGVNLPQK	1366.702719565	48.078676361465	3	P00558
J3_02ng_2_TestSlice	VLHEAEGHIVTCETNTGEVYR	VLHEAEGHIVTC[Common Fixed:Carbamidomethyl on C]ETNTGEVYR	2413.133222769	47.345952592913	3	H3BT13|P62318
J3_02ng_2_TestSlice	HIYYITGETK	HIYYITGETK	1223.61863833	45.163248692576	2	P07900
J3_02ng_2_TestSlice	SLAGSSGPGASSGTSGDHGELVVR	SLAGSSGPGASSGTSGDHGELVVR	2184.0407021060005	45.350845562045	3	A0A087X1X7|E9PI39|E9PIZ1|E9PK01|E9PL12|E9PMW7|E9PPR1|E9PQ49|E9PRY8|H0YCK7|P29692
J3_02ng_2_TestSlice	VPAINVNDSVTK	VPAINVNDSVTK	1255.677215836	48.25719460907	2	P23526
J3_02ng_2_TestSlice	VAGQDGSVVQFK	VAGQDGSVVQFK	1233.635351023	47.57668599151	2	A8MU27|A8MUA9|P55854|P61956|Q6EEV6
J3_02ng_2_TestSlice	HCNMVLENVK	HC[Common Fixed:Carbamidomethyl on C]NMVLENVK	1242.584913105	46.027690528456	2	P62316
J3_02ng_2_TestSlice	VLHEAEGHIVTCETNTGEVYR	VLHEAEGHIVTC[Common Fixed:Carbamidomethyl on C]ETNTGEVYR	2413.133222769	47.320778694375	4	H3BT13|P62318
J3_02ng_2_TestSlice	VAVVAGYGDVGK	VAVVAGYGDVGK	1133.608073646	46.928909443442	2	P23526
J3_02ng_2_TestSlice	ALLVTASQCQQPAENK	ALLVTASQC[Common Fixed:Carbamidomethyl on C]QQPAENK	1756.877783378	45.562519608561	2	Q01518
J3_02ng_2_TestSlice	SGDAAIVDMVPGK	SGDAAIVDM[Common Variable:Oxidation on M]VPGK	1274.617652529	46.359147861226	2	A0A087WVQ9|A0A7I2V659|P68104|Q5VTE0
J3_02ng_2_TestSlice	GYDVIAQAQSGTGK	GYDVIAQAQSGTGK	1393.6837577680005	47.546967226887	2	E7EMV8|E7EQG2|J3KS25|J3KS93|J3KSN7|J3KT04|J3KT12|J3KTB5|J3QKZ9|J3QL43|J3QLN6|J3QR64|J3QS69|P60842|Q14240
J3_02ng_2_TestSlice	SGDAAIVDMVPGK	SGDAAIVDM[Common Variable:Oxidation on M]VPGK	1274.617652529	45.758250358327	2	A0A087WVQ9|A0A7I2V659|P68104|Q5VTE0
J3_02ng_2_TestSlice	SENGLEFTSSGSANTETTK	SENGLEFTSSGSANTETTK	1958.870508463	46.838751509412	2	C9JI87|P21796
J3_02ng_2_TestSlice	SQICDNAALYAQK	SQIC[Common Fixed:Carbamidomethyl on C]DNAALYAQK	1480.698028108	45.213772092883	2	P55060
J3_02ng_2_TestSlice	DLNHVCVISETGK	DLNHVC[Common Fixed:Carbamidomethyl on C]VISETGK	1470.713678172	48.445206092421	3	P00492
J3_02ng_2_TestSlice	HVLVTLGEK	HVLVTLGEK	994.5811306220002	47.112790142123	2	B7Z6Z4|F8VPF3|F8W1R7|G3V1V0|G8JLA2|J3KND3|P60660
J3_02ng_2_TestSlice	GVSLTNHHFYDESK	GVSLTNHHFYDESK	1632.75323431	46.857221959654	3	A0A7I2V2T6|K7ELL7|K7EPW7|P14314
J3_02ng_2_TestSlice	NSYVAGQYDDAASYQR	NSYVAGQYDDAASYQR	1806.78090561	45.287073141956	2	P11413
J3_02ng_2_TestSlice	LEAAIAEAEER	LEAAIAEAEER	1200.598631161	46.32108434302	2	P08729
J3_02ng_2_TestSlice	RFDDAVVQSDMK	RFDDAVVQSDMK	1409.660914323	47.465056874975	3	E9PK54|E9PKE3|E9PLF4|E9PN25|E9PN89|E9PNE6|E9PPY6|E9PQK7|E9PQQ4|P11142
J3_02ng_2_TestSlice	DLTTAGAVTQCYR	DLTTAGAVTQC[Common Fixed:Carbamidomethyl on C]YR	1454.682378044	47.913175660992	2	M0R0P7|M0R117|M0R1A7|M0R3D6|Q02543
J3_02ng_2_TestSlice	ENVNATENCISAVGK	ENVNATENC[Common Fixed:Carbamidomethyl on C]ISAVGK	1604.746434853	45.209461576366	2	H0Y8C6|O00410
J3_02ng_2_TestSlice	DAALATALGDKK	DAALATALGDKK	1172.640102051	46.354842677339	2	A0A0D9SFE5|E9PBF6|P20700
J3_02ng_2_TestSlice	VDIQTEDLEDGTCK	VDIQTEDLEDGTC[Common Fixed:Carbamidomethyl on C]K	1621.714131666	48.171562793477	2	A0A804HK76|E7EN95|O75369
J3_02ng_2_TestSlice	IDATSASVLASR	IDATSASVLASR	1189.630265642	47.929829794788	2	A0A499FI48|P13667
J3_02ng_2_TestSlice	ATAGAYIASQTVK	ATAGAYIASQTVK	1279.677215836	45.184195910517	2	H0YJM8|P28074
J3_02ng_2_TestSlice	VIQCFAETGQVQK	VIQC[Common Fixed:Carbamidomethyl on C]FAETGQVQK	1506.750063682	46.843056760852	2	A0A087WVQ6|Q00610
J3_02ng_2_TestSlice	QSVENDIHGLR	QSVENDIHGLR	1266.631662623	45.92067630949	2	F8VZY9|P05783
J3_02ng_2_TestSlice	LESEHPDQAQAILSR	LESEHPDQAQAILSR	1692.843111945	48.167257625484	3	A0A087WUZ3|Q01082
J3_02ng_2_TestSlice	SLGSVQAPSYGAR	SLGSVQAPSYGAR	1291.652063716	45.414170593643	2	F8VZY9|P05783
J3_02ng_2_TestSlice	VGAHAGEYGAEALER	VGAHAGEYGAEALER	1528.727019562	46.252631158257	3	A0A2R8Y7C0|P69905
J3_02ng_2_TestSlice	LVSESSDVLPK	LVSESSDVLPK	1172.628868661	47.925519012038	2	P05787
J3_02ng_2_TestSlice	VMLGETNPADSKPGTIR	VMLGETNPADSKPGTIR	1784.909083506	48.495338943227	3	E7ERL0|J3KPD9|O60361|P15531|P22392|Q32Q12
J3_02ng_2_TestSlice	ALGQNPTNAEVLK	ALGQNPTNAEVLK	1353.725228657	46.882528208319	2	B7Z6Z4|F8VPF3|F8W1R7|G3V1V0|G8JLA2|J3KND3|P60660
J3_02ng_2_TestSlice	TLIQNCGASTIR	TLIQNC[Common Fixed:Carbamidomethyl on C]GASTIR	1332.68198412	45.676724178219	2	B4DUR8|P49368
J3_02ng_2_TestSlice	ILELSGSSSEDSEK	ILELSGSSSEDSEK	1479.69404767	46.891149595006	2	P78527
J3_02ng_2_TestSlice	LVSESSDVLPK	LVSESSDVLPK	1172.628868661	47.551277644062	2	P05787
J3_02ng_2_TestSlice	HPGSFDVVHVK	HPGSFDVVHVK	1220.630206072	46.912170261765	3	C9JEH7|P22090|P62701
J3_02ng_2_TestSlice	HVAEVLEYTK	HVAEVLEYTK	1187.61863833	47.09609217507	2	G3V4T5|H0YJS4|P05198
J3_02ng_2_TestSlice	LVIVGDGACGK	LVIVGDGAC[Common Fixed:Carbamidomethyl on C]GK	1087.569580136	46.256936425591	2	A0A7I2V3G1|A0A7I2V5E6|A0A7I2YQV1|C9JNR4|C9JRM1|C9JX21|E9PLA2|E9PN11|E9PQH6|P08134|P61586|Q5JR05|Q5JR06|Q5JR07|Q5JR08|U3KQA9|U3KQV3
J3_02ng_2_TestSlice	LDPGSEETQTLVR	LDPGSEETQTLVR	1443.7205372	47.883594360574	2	P26641
J3_02ng_2_TestSlice	LVLVGDGGTGK	LVLVGDGGTGK	1014.570959861	47.568065145238	2	B5MDF5|H0YFC6|J3KQE5|P62826
J3_02ng_2_TestSlice	NDFTEEEEAQVR	NDFTEEEEAQVR	1465.632116117	45.643164458497	2	E5RJR5|P63208
J3_02ng_2_TestSlice	LVLVGDGGTGK	LVLVGDGGTGK	1014.570959861	47.76429764293	2	B5MDF5|H0YFC6|J3KQE5|P62826
J3_02ng_2_TestSlice	LESGMQNMSIHTK	LESGMQNMSIHTK	1474.690834727	45.133645545069	2	P05787
J3_02ng_2_TestSlice	ELISNSSDALDK	ELISNSSDALDK	1290.630325213	46.24401032788	2	P07900
J3_02ng_2_TestSlice	AAAEVNQDYGLDPK	AAAEVNQDYGLDPK	1489.704887136	45.753939877574	2	A0A804HI24|A0A804HKE6|P07954
J3_02ng_2_TestSlice	EAAENSLVAYK	EAAENSLVAYK	1193.592817505	45.495563358688	2	P62258
J3_02ng_2_TestSlice	LDHYAIIK	LDHYAIIK	971.5440168359999	46.962888644759	2	A8MUS3|H7BY10|K7EJV9|K7ERT8|P62750
J3_02ng_2_TestSlice	DSAQNSVIIVDK	DSAQNSVIIVDK	1287.667045075	46.68722905976	2	G3V0E5|P02786
J3_02ng_2_TestSlice	EGMNIVEAMER	EGMNIVEAM[Common Variable:Oxidation on M]ER	1293.569322611	48.231887812042	2	P62937
J3_02ng_2_TestSlice	HWGGNVLGPK	HWGGNVLGPK	1063.556312854	48.087297211711	2	P62424|Q5T8U2
J3_02ng_2_TestSlice	ALGQNPTNAEVLK	ALGQNPTNAEVLK	1353.725228657	46.870146944745	2	B7Z6Z4|F8VPF3|F8W1R7|G3V1V0|G8JLA2|J3KND3|P60660
J3_02ng_2_TestSlice	SEMEVQDAELK	SEMEVQDAELK	1277.580932667	46.941840126737	2	Q9UQ80
J3_02ng_2_TestSlice	AAGSGELGVTMK	AAGSGELGVTMK	1119.559409375	45.819507561747	2	A0A804HK76|E7EN95|O75369
J3_02ng_2_TestSlice	VDAQFGGIDQR	VDAQFGGIDQR	1204.583649802	47.498867228254	2	A0A0C4DGZ5|A0A6Q8PFX2|A0A6Q8PFX4|P54577
J3_02ng_2_TestSlice	TVFAEHISDECK	TVFAEHISDEC[Common Fixed:Carbamidomethyl on C]K	1434.644929906	45.512805476411	3	B5MCW2|G5E9G0|H7C422|P39023
J3_02ng_2_TestSlice	ATDAEADVASLNR	ATDAEADVASLNR	1331.631722194	45.802271026993	2	A0A0S2Z4G6|A7XZE4|H0YKP3|H0YKX5|P07951|P09493|Q5TCU3|Q6ZN40
J3_02ng_2_TestSlice	IAEVDASVVR	IAEVDASVVR	1057.576773517	45.108424078051	2	P31930
J3_02ng_2_TestSlice	SCMLTGTPESVQSAK	SC[Common Fixed:Carbamidomethyl on C]MLTGTPESVQSAK	1594.733093463	46.916480309391	2	C9JSZ1|E9PEB5|Q96AE4
J3_02ng_2_TestSlice	MGESDDSILR	MGESDDSILR	1121.502288421	47.858296460533	2	P63220|Q8WVC2
J3_02ng_2_TestSlice	ADVLTTGAGNPVGDK	ADVLTTGAGNPVGDK	1413.709972516	45.537672176584	2	P04040
J3_02ng_2_TestSlice	GEATVSFDDPPSAK	GEATVSFDDPPSAK	1419.651788934	47.610712693755	2	A0A075B7D9|H3BPE7|P35637|Q92804
J3_02ng_2_TestSlice	LAQAAQSSVATITR	LAQAAQSSVATITR	1415.773241479	45.422791793569	2	Q9Y490
J3_02ng_2_TestSlice	GQEVETSVTYYR	GQEVETSVTYYR	1430.6677733509998	46.189446161811	2	D6RFH4|H3BUX2|O43169
J3_02ng_2_TestSlice	AHVVPCFDASK	AHVVPC[Common Fixed:Carbamidomethyl on C]FDASK	1229.586292829	45.712151891613	2	P21333|Q60FE5
J3_02ng_2_TestSlice	DRVTDALNATR	DRVTDALNATR	1230.631662623	45.852988925203	3	A0A7I2V2X6|A0A7I2V599|A0A7I2YQK6|P10809
J3_02ng_2_TestSlice	FICTTSAIQNR	FIC[Common Fixed:Carbamidomethyl on C]TTSAIQNR	1309.644870335	45.533361660067	2	P53396
J3_02ng_2_TestSlice	GDAMIMEETGK	GDAMIMEETGK	1180.510410752	46.426014910762	2	Q9UQ80
J3_02ng_2_TestSlice	VSGVDGYETEGIR	VSGVDGYETEGIR	1380.652123286	47.15089592797	2	Q14566
J3_02ng_2_TestSlice	GEENLMDAQVK	GEENLMDAQVK	1232.570702335	47.900243992233	2	H7C4C8|P50990
J3_02ng_2_TestSlice	PGFSIADK	PGFSIADK	833.428318376	47.984611776098	2	P62913|Q5VVC8
J3_02ng_2_TestSlice	VEYTLGEESEAPGQR	VEYTLGEESEAPGQR	1663.7689439450003	47.228085878118	2	A0A7I2Y1C3|E7EUU4|E7EX73|E9PGM1|H7C0V6|Q04637
J3_02ng_2_TestSlice	VLQQFADNDVSR	VLQQFADNDVSR	1390.68409212	47.457055877272	2	A0A2R8Y7L2|A0A2R8YD50|A0A804HIR1|A0A804HK65|A0A804HKU2|E7EPL9|E7ET17|P51659
J3_02ng_2_TestSlice	VAASNIVQMK	VAASNIVQMK	1059.574665517	47.303541758283	2	P49721
J3_02ng_2_TestSlice	LLLQVQHASK	LLLQVQHASK	1135.671342609	48.009823642794	2	P05141|P12235|P12236|V9GYG0
J3_02ng_2_TestSlice	QENGASVILR	QENGASVILR	1085.582921526	47.017981309319	2	A0A087X1X7|E9PI39|E9PIZ1|E9PK01|E9PL12|E9PMW7|E9PPR1|E9PQ49|E9PRY8|H0YCK7|P29692
J3_02ng_2_TestSlice	TALINSTGEEVAMR	TALINSTGEEVAM[Common Variable:Oxidation on M]R	1506.734807541	47.190032810593	2	A0A6Q8PFJ0|P02545
J3_02ng_2_TestSlice	EAALGAGFSDK	EAALGAGFSDK	1064.513838906	46.852911542479	2	B5MD38|C9JE81|C9JEY0|F5GZQ3|P55084
J3_02ng_2_TestSlice	TIAMDGTEGLVR	TIAM[Common Variable:Oxidation on M]DGTEGLVR	1277.628551566	46.712370843315	2	F8W079|H0YH81|P06576
J3_02ng_2_TestSlice	YQAVTATLEEK	YQAVTATLEEK	1251.634682317	48.158637359365	2	A0A7I2V2L9|A0A7I2V5L3|M0QYS1|P40429|Q6NVV1|Q8J015
J3_02ng_2_TestSlice	VEAFQTTISK	VEAFQTTISK	1122.592089229	48.032514391963	2	A0A087X1Z3|H0YM70|Q9UL46
J3_02ng_2_TestSlice	IDSDISGTLK	IDSDISGTLK	1047.544804683	45.524740444247	2	F8VXJ7|F8W031|F8W1K5|H0YI18|Q9Y2B0
J3_02ng_2_TestSlice	QLQAETEPIVK	QLQAETEPIVK	1254.681966863	45.19281596206	2	A0A161SXE1|A0A7I2V2H9|A0A7I2V2Q9|A0A7I2V2W0|A0A7I2V3I0|A0A7I2V3I2|A0A7I2V3S3|A0A7I2V3W9|A0A7I2V429|A0A7I2V4B4|A0A7I2V4G3|A0A7I2V570|A0A7I2V5Z6|B3KW56|H0YBP5|H0YBR5|P60228
J3_02ng_2_TestSlice	TFDQLTPEESK	TFDQLTPEESK	1293.608861492	47.133659508451	2	O43852
J3_02ng_2_TestSlice	AHGPGLEGGLVGK	AHGPGLEGGLVGK	1190.640770756	46.448827042802	3	A0A804HK76|E7EN95|O75369
J3_02ng_2_TestSlice	HLTDAYFK	HLTDAYFK	993.491981263	47.713868342463	2	Q02878
J3_02ng_2_TestSlice	QTVAVGVIK	QTVAVGVIK	913.559666901	46.655804509544	2	A0A087WVQ9|A0A7I2V659|P68104|Q5VTE0
J3_02ng_2_TestSlice	LVSESSDVLPK	LVSESSDVLPK	1172.628868661	47.418938726807	2	P05787
J3_02ng_2_TestSlice	REDIFYTSK	REDIFYTSK	1157.5716881360001	46.700154175981	2	A0A0A0MSS8|A6NHU4|B4DK69|H0Y804|P17516|P42330|P52895|Q04828|S4R3D5|S4R3P0|S4R3Z2
J3_02ng_2_TestSlice	QLIVGVNK	QLIVGVNK	869.533452152	45.827686328316	2	A0A087WVQ9|A0A7I2V659|P68104|Q5VTE0
J3_02ng_2_TestSlice	LSNRPAFMPSEGK	LSNRPAFMPSEGK	1432.713284249	48.244819059594	3	F5GXS2|H7C144|O43707
J3_02ng_2_TestSlice	HILANFK	HILANFK	841.481022655	46.086521059895	2	A0A0B4J2C3|E9PJF7|H0YCX0|J3KPG2|P13693|Q56UQ5|Q5W0H4
J3_02ng_2_TestSlice	IINNTENLVR	IINNTENLVR	1184.65133544	46.172904060904	2	Q9Y617
J3_02ng_2_TestSlice	FVHDNYVIR	FVHDNYVIR	1161.593092287	47.032356793308	3	P31327
J3_02ng_2_TestSlice	VTQSNFAVGYK	VTQSNFAVGYK	1212.613887302	47.158790161832	2	C9JI87|P21796
J3_02ng_2_TestSlice	ATAVVDGAFK	ATAVVDGAFK	977.518196011	46.36709724528	2	A6NIW5|P32119
J3_02ng_2_TestSlice	QLIVGVNK	QLIVGVNK	869.533452152	45.776866859818	2	A0A087WVQ9|A0A7I2V659|P68104|Q5VTE0
J3_02ng_2_TestSlice	GASGSFVVVQK	GASGSFVVVQK	1077.581858897	46.206682625039	2	Q5SSJ5|Q5SWC8
J3_02ng_2_TestSlice	PAAVAAENEEIGSHIK	PAAVAAENEEIGSHIK	1634.826399252	46.300265592957	3	Q9Y490
J3_02ng_2_TestSlice	HILANFK	HILANFK	841.481022655	46.283818275356	2	A0A0B4J2C3|E9PJF7|H0YCX0|J3KPG2|P13693|Q56UQ5|Q5W0H4
J3_02ng_2_TestSlice	HGESAWNLENR	HGESAWNLENR	1311.595611467	47.955062761529	3	P18669
J3_02ng_2_TestSlice	VELQELNDR	VELQELNDR	1114.561851728	47.822671976312	2	B0YJC4|P08670
J3_02ng_2_TestSlice	VQISPDSGGLPER	VQISPDSGGLPER	1353.688843148	47.337332442029	2	A0A087WTP3|M0R0C6|Q92945
J3_02ng_2_TestSlice	APIIAVTR	APIIAVTR	839.522887468	47.036667127037	2	A0A804F6T5|A0A804F729|H3BTN5|P14618
J3_02ng_2_TestSlice	DAGMQLQGYR	DAGMQLQGYR	1137.523692571	46.248320327822	2	P00505
J3_02ng_2_TestSlice	LEAEGVPEVSEK	LEAEGVPEVSEK	1285.640161621	45.243339759731	2	O76003
J3_02ng_2_TestSlice	EATTEFSVDAR	EATTEFSVDAR	1224.562245651	46.291644778474	2	P21333|Q60FE5
J3_02ng_2_TestSlice	LNDFASTVR	LNDFASTVR	1021.519258639	47.049593828742	2	H3BNX8|H3BRM5|H3BV69|P20674
J3_02ng_2_TestSlice	YLIANATNPESK	YLIANATNPESK	1319.672130455	46.695849027856	2	E9PG15|P27348
J3_02ng_2_TestSlice	CLATGPGIASTVK	C[Common Fixed:Carbamidomethyl on C]LATGPGIASTVK	1273.670022455	48.449516394361	2	A0A804HK76|E7EN95|O75369
J3_02ng_2_TestSlice	MAVLNEQVK	MAVLNEQVK	1030.548116415	48.440895178541	2	E9PRH9|H0YF33|P49321|Q5T624
J3_02ng_2_TestSlice	QAVDVSPLR	QAVDVSPLR	983.539994084	46.457447908942	2	M0QZN2|M0R0F0|M0R0R2|P46782
J3_02ng_2_TestSlice	ANSNLVLQADR	ANSNLVLQADR	1199.625848967	45.329666378721	2	A0A494C1A5|O75643
J3_02ng_2_TestSlice	IIALDGDTK	IIALDGDTK	944.517861658	46.341910945002	2	A0A0B4J1R6|P29401
J3_02ng_2_TestSlice	GEALSALDSK	GEALSALDSK	989.50293987	45.406074145063	2	O75396
J3_02ng_2_TestSlice	AEAEAWYQTK	AEAEAWYQTK	1195.550952692	48.19432884318	2	P08729
J3_02ng_2_TestSlice	IVVVTAGVR	IVVVTAGVR	912.575651318	47.414628325526	2	A0A5F9ZHM4|P07195
J3_02ng_2_TestSlice	FDETEQALANER	FDETEQALANER	1421.642286878	45.197126275921	2	A0A0C4DG89|Q7L014
J3_02ng_2_TestSlice	TALINSTGEEVAMR	TALINSTGEEVAM[Common Variable:Oxidation on M]R	1506.734807541	47.215154626592	2	A0A6Q8PFJ0|P02545
J3_02ng_2_TestSlice	LNEILQAR	LNEILQAR	955.545079465	48.428593109671	2	B5ME19|Q99613
J3_02ng_2_TestSlice	ADEGISFR	ADEGISFR	893.424295624	47.507482491557	2	A0A0A0MSI0|Q06830
J3_02ng_2_TestSlice	MDGTYACSYTPVK	MDGTYAC[Common Fixed:Carbamidomethyl on C]SYTPVK	1491.637402172	46.304576391602	2	A0A804HK76|E7EN95|O75369
J3_02ng_2_TestSlice	KEEELQAALAR	KEEELQAALAR	1256.672464808	47.517339228217	2	P35579
J3_02ng_2_TestSlice	VEFMDDTSR	VEFMDDTSR	1098.465174636	47.075055327638	2	P62857
J3_02ng_2_TestSlice	ATQQQHDFTLTQTADGR	ATQQQHDFTLTQTADGR	1916.897666699	46.014763858541	3	P78527
J3_02ng_2_TestSlice	NIILEEGK	NIILEEGK	914.5072969740002	47.244629643981	2	E9PK25|E9PLJ3|E9PP50|E9PQB7|E9PS23|G3V1A4|P23528
J3_02ng_2_TestSlice	VDQSAVGFEYQGK	VDQSAVGFEYQGK	1426.672858731	48.377828509235	2	Q14247
J3_02ng_2_TestSlice	ATAVVDGAFK	ATAVVDGAFK	977.518196011	46.295955644671	2	A6NIW5|P32119
J3_02ng_2_TestSlice	SMYEEEINETR	SMYEEEINETR	1399.592559979	45.672414210065	2	A0A0D9SFE5|E9PBF6|P20700
J3_02ng_2_TestSlice	TQVTVQYMQDR	TQVTVQYMQDR	1367.650349638	46.878217826907	2	P31153
J3_02ng_2_TestSlice	YLECSALTQR	YLEC[Common Fixed:Carbamidomethyl on C]SALTQR	1239.591772133	47.734793943787	2	P63000
J3_02ng_2_TestSlice	DRVTDALNATR	DRVTDALNATR	1230.631662623	46.002385678514	3	A0A7I2V2X6|A0A7I2V599|A0A7I2YQK6|P10809
J3_02ng_2_TestSlice	GRNDLMEYAK	GRNDLMEYAK	1195.565557384	46.478510759894	3	P00966
J3_02ng_2_TestSlice	IISDNLTYCK	IISDNLTYC[Common Fixed:Carbamidomethyl on C]K	1225.601274189	48.249124311034	2	H7BZ72|Q9Y2X3
J3_02ng_2_TestSlice	KYEDICPSTHNMDVPNIK	KYEDIC[Common Fixed:Carbamidomethyl on C]PSTHNM[Common Variable:Oxidation on M]DVPNIK	2175.99288996	47.402392195288	3	C9J4W5|C9J7B5|F8WCJ1|I3L397|I3L504|P63241|Q6IS14|Q9GZV4
J3_02ng_2_TestSlice	YDEMVESMK	YDEMVESMK	1130.46239793	46.095142625395	2	P62258
J3_02ng_2_TestSlice	HFVLDECDK	HFVLDEC[Common Fixed:Carbamidomethyl on C]DK	1161.512459182	45.895466894531	2	A0A0D9SEM9|K7EPJ3|K7EQN7|O00148
J3_02ng_2_TestSlice	QDAQVVLYR	QDAQVVLYR	1090.57710787	48.270126408958	2	P78527
J3_02ng_2_TestSlice	GCHLLVATPGR	GC[Common Fixed:Carbamidomethyl on C]HLLVATPGR	1179.618261664	46.461757877096	3	A0A0D9SF53|A0A0D9SFB3|A0A0D9SG12|A0A2R8Y4A4|A0A2R8Y5G6|A0A2R8Y645|A0A2R8Y7T2|A0A2R8YCW1|A0A2R8YDT5|A0A2R8YF78|A0A2R8YFR4|A0A2R8YFS5|A0A2U3TZJ9|F6S8Q4|O00571
J3_02ng_2_TestSlice	GDVENIEVVQK	GDVENIEVVQK	1228.6299312900005	45.622609208647	2	A0A804HHY9|A0A804HI14|A0A804HI40|A0A804HIG4|A0A804HIN4|A0A804HIQ7|A0A804HJA1|A0A804HJI0|A0A804HJZ1|A0A804HK30|A0A804HKI2|A0A804HKJ0|A0A804HKK7|A0A804HKR3|A0A804HKX6|A0A804HL40|A0A804HLG8|P42704
J3_02ng_2_TestSlice	ELTSTCSPIISK	ELTSTC[Common Fixed:Carbamidomethyl on C]SPIISK	1334.675167406	46.834441708152	2	P34932
J3_02ng_2_TestSlice	EDITQSAQHALR	EDITQSAQHALR	1367.679341093	46.40085521005	3	Q12906
J3_02ng_2_TestSlice	GPTEADELMK	GPTEADELMK	1089.501225793	46.214587325478	2	P11413
J3_02ng_2_TestSlice	LEPQIASASEYAHR	LEPQIASASEYAHR	1570.7739697549998	48.325174342219	3	K7EL96|K7ER39|O60664
J3_02ng_2_TestSlice	KEEELQAALAR	KEEELQAALAR	1256.672464808	47.49455687863	3	P35579
J3_02ng_2_TestSlice	AQGPAASAEEPKPVEAPAANSDQTVTVKE	AQGPAASAEEPKPVEAPAANSDQTVTVKE	2891.414859652	45.651785594845	3	P80723
J3_02ng_2_TestSlice	VVPGYGHAVLR	VVPGYGHAVLR	1166.656026897	45.985148861631	3	A0A0C4DGI3|B4DJV2|H0YIC4|O75390
J3_02ng_2_TestSlice	FYTEDSPGLK	FYTEDSPGLK	1155.544804683	46.053026960913	2	P60468|S4R3B5
J3_02ng_2_TestSlice	LVIVGDGACGK	LVIVGDGAC[Common Fixed:Carbamidomethyl on C]GK	1087.569580136	46.300265592957	2	A0A7I2V3G1|A0A7I2V5E6|A0A7I2YQV1|C9JNR4|C9JRM1|C9JX21|E9PLA2|E9PN11|E9PQH6|P08134|P61586|Q5JR05|Q5JR06|Q5JR07|Q5JR08|U3KQA9|U3KQV3
J3_02ng_2_TestSlice	ITLDNAYMEK	ITLDNAYM[Common Variable:Oxidation on M]EK	1212.569639707	47.158790161832	2	A0A804F6T5|A0A804F729|H3BTN5|P14618
J3_02ng_2_TestSlice	ILGATIENSR	ILGATIENSR	1072.587672554	45.968507578595	2	P08727
J3_02ng_2_TestSlice	DAIHFYNK	DAIHFYNK	1006.487230235	46.39654477698	2	P31948
J3_02ng_2_TestSlice	GLCGAIHSSIAK	GLC[Common Fixed:Carbamidomethyl on C]GAIHSSIAK	1212.628491995	45.741592958196	2	P36542
J3_02ng_2_TestSlice	DLHDANTDLIGR	DLHDANTDLIGR	1338.652791991	48.028204360231	3	P53985|Q5T8R3|Q5T8R5
J3_02ng_2_TestSlice	LFDSTTLEHQK	LFDSTTLEHQK	1317.6564803910003	48.470315526549	3	A0A7I2V2M3|A0A7I2V3K6|A0A7I2V3N2|A0A7I2V3U3|A0A7I2V4C2|A0A7I2V4S8|A0A7I2V5V8|A0A7I2V607|A0A7I2V613|A0A7I2V640|A0A7I2V685|A0A7I2YQC8|A0A7I2YQF8|A0A7I2YQI2|A0A7I2YQI6|A0A7I2YQP9|A0A7I2YQT9|A0A7I2YQU2|A0A7P0MRT9|Q13347|Q5TFK1
J3_02ng_2_TestSlice	YLMEEDEDAYKK	YLMEEDEDAYKK	1532.670475949	45.529051226997	3	A0A2R8Y6J3|P46777
J3_02ng_2_TestSlice	DLLHPSPEEEK	DLLHPSPEEEK	1292.624845909	45.414170593643	2	P42677
J3_02ng_2_TestSlice	SAVGFEYQGK	SAVGFEYQGK	1084.518924287	45.325361612066	2	Q14247
J3_02ng_2_TestSlice	EAQLYAAQAHLK	EAQLYAAQAHLK	1341.704099289	46.061155711238	3	E9PRH9|H0YF33|P49321|Q5T624
J3_02ng_2_TestSlice	HGESAWNLENR	HGESAWNLENR	1311.595611467	47.892210045083	3	P18669
J3_02ng_2_TestSlice	GAVDGGLSIPHSTK	GAVDGGLSIPHSTK	1337.693928529	47.507482491557	3	A0A2R8Y6J3|P46777
J3_02ng_2_TestSlice	LLVGSEDYGR	LLVGSEDYGR	1107.556038072	48.13344232502	2	A0A0D9SF54|A0A0D9SGF6|Q13813
J3_02ng_2_TestSlice	LTDCVVMR	LTDC[Common Fixed:Carbamidomethyl on C]VVMR	992.4783227770001	45.081396610165	2	A0A087WUI2|A0A7I2V323|A0A7I2V3P1|A0A7I2V3P7|A0A7I2V4I6|A0A7I2V4N0|A0A7I2V4N1|A0A7I2V4S4|A0A7I2YQN4|P22626
J3_02ng_2_TestSlice	IAQLICER	IAQLIC[Common Fixed:Carbamidomethyl on C]ER	1001.532800704	48.181348227088	2	A0A0C4DGL3|H0YKC5|H0YMP1|H0YNW5|P33316
J3_02ng_2_TestSlice	GEGGILINSQGER	GEGGILINSQGER	1328.668442056	47.686777677759	2	A0A087X1I3|A0A494C1T6|D6RFM5|P31040
J3_02ng_2_TestSlice	QASQGMVGQLAAR	QASQGMVGQLAAR	1315.666668408	48.108218493684	2	Q9Y230|X6R2L4
J3_02ng_2_TestSlice	EAAGEGPALYEDPPDQK	EAAGEGPALYEDPPDQK	1785.805723378	46.19375659488	2	A0A0C4DGK8|G3V359|G3V3C7|G3V3M6|G3V3Y6|G3V5D9|G3V5M0|G3V5Q1|P27695
J3_02ng_2_TestSlice	VEPGLGADNSVVR	VEPGLGADNSVVR	1311.678278464	46.22751904192	2	P21333|Q60FE5
J3_02ng_2_TestSlice	EQVPGFTPR	EQVPGFTPR	1029.52434402	47.431864745045	2	F5H2F4|P11586|V9GYY3
J3_02ng_2_TestSlice	MSTEEIIQR	MSTEEIIQR	1105.543759311	47.555587675794	2	E9PKD5|E9PLG2|E9PM69|E9PMD8|E9PN50|P17980|R4GNH3
J3_02ng_2_TestSlice	TDPTTLTDEEINR	TDPTTLTDEEINR	1503.705281059	47.917480495199	2	F5H2F4|P11586|V9GYY3
J3_02ng_2_TestSlice	LLACIASR	LLAC[Common Fixed:Carbamidomethyl on C]IASR	902.500772299	48.461694493516	2	P62241|Q5JR95
J3_02ng_2_TestSlice	LNMELSEK	LNMELSEK	962.474282768	48.036825075372	2	P30040
J3_02ng_2_TestSlice	NNFAVGYR	NNFAVGYR	939.456264458	45.098633009815	2	A0A0A0MR02|P45880|Q5JSD1|Q5JSD2
J3_02ng_2_TestSlice	VVIVDPETGK	VVIVDPETGK	1055.586275572	45.508495011552	2	H0YDN1|Q15149
J3_02ng_2_TestSlice	LSMSQLNEK	LSMSQLNEK	1048.52229559	47.219465774918	2	Q08211
J3_02ng_2_TestSlice	DLTGVQNLR	DLTGVQNLR	1014.545807741	48.503960159047	2	A0A0D9SF54|A0A0D9SGF6|Q13813
J3_02ng_2_TestSlice	QAVDVSPLR	QAVDVSPLR	983.539994084	46.350532276058	2	M0QZN2|M0R0F0|M0R0R2|P46782
J3_02ng_2_TestSlice	TLGECGFTSQTAR	TLGEC[Common Fixed:Carbamidomethyl on C]GFTSQTAR	1426.651077915	45.142266744995	2	B8ZZU8|I3L0M9|Q15370
J3_02ng_2_TestSlice	HTVDDGLDIR	HTVDDGLDIR	1139.5571007	45.95557692709	2	A0A0C4DGH5|Q86VP6
J3_02ng_2_TestSlice	ESTGAQVQVAGDMLPNSTER	ESTGAQVQVAGDM[Common Variable:Oxidation on M]LPNSTER	2104.9695114870005	46.796330859884	2	E9PFP8|F8VXH9|F8VZX2|F8W0G4|H3BRU6|J3QT27|P57721|Q15365|Q15366
J3_02ng_2_TestSlice	DVVTAAGDMLK	DVVTAAGDM[Common Variable:Oxidation on M]LK	1134.559075023	47.862606909498	2	C9JIZ6|P07602|Q5BJH1
J3_02ng_2_TestSlice	LIELQAGK	LIELQAGK	870.517467735	47.045288676643	2	A0A7I2V2T6|K7ELL7|K7EPW7|P14314
J3_02ng_2_TestSlice	GLTSVINQK	GLTSVINQK	958.544745112	47.282686625544	2	A0A5F9ZHM4|P07195
J3_02ng_2_TestSlice	DNLAEDIMR	DNLAEDIM[Common Variable:Oxidation on M]R	1091.491723737	47.908864826584	2	B0YJC4|P08670
J3_02ng_2_TestSlice	VQVSVLK	VQVSVLK	771.485439331	45.42710219485	2	P00966
J3_02ng_2_TestSlice	YSLDPENPTK	YSLDPENPTK	1162.5506183390003	47.12141105992	2	A0A087WWH0|A0A087WXM6|A0A087WY81|A0A0A6YYL6|J3KRB3|J3KRX5|J3KSJ0|J3QQT2|J3QS96|P18621
J3_02ng_2_TestSlice	SYSYVCGISSK	SYSYVC[Common Fixed:Carbamidomethyl on C]GISSK	1249.564888679	47.801783941809	2	P49915
J3_02ng_2_TestSlice	GAVIATELK	GAVIATELK	900.528032419	47.967988843346	2	O15371
J3_02ng_2_TestSlice	MLVSGAGDIK	MLVSGAGDIK	989.521567314	47.721862692261	2	P40227|Q92526
J3_02ng_2_TestSlice	LVSVLQNK	LVSVLQNK	899.544016836	47.062129241848	2	A0A6Q8PF33|A0A6Q8PFY2|A0A6Q8PGE8|A0A6Q8PGN5|A0A6Q8PGR9|H3BPK7|P49588
J3_02ng_2_TestSlice	EGHLSPDIVAEQK	EGHLSPDIVAEQK	1421.715057897	45.266078876082	3	B4DLR8|H3BNV2|H3BRK3|P15559
J3_02ng_2_TestSlice	VIATFTCSGEK	VIATFTC[Common Fixed:Carbamidomethyl on C]SGEK	1211.585624124	45.707840858523	2	P49189
J3_02ng_2_TestSlice	YSLDPENPTK	YSLDPENPTK	1162.5506183390003	47.146590775871	2	A0A087WWH0|A0A087WXM6|A0A087WY81|A0A0A6YYL6|J3KRB3|J3KRX5|J3KSJ0|J3QQT2|J3QS96|P18621
J3_02ng_2_TestSlice	EDGQEYAQVIK	EDGQEYAQVIK	1278.609195845	45.865920061493	2	A6NJH9|O14602|P47813
J3_02ng_2_TestSlice	LTDCVVMRDPASK	LTDC[Common Fixed:Carbamidomethyl on C]VVMRDPASK	1490.722134856	45.870225225512	3	A0A087WUI2|A0A7I2V323|A0A7I2V3P1|A0A7I2V3P7|A0A7I2V4I6|A0A7I2V4N0|A0A7I2V4N1|A0A7I2V4S4|A0A7I2YQN4|P22626
J3_02ng_2_TestSlice	LQAEIDNIK	LQAEIDNIK	1042.56587448	47.696631843472	2	P08729
J3_02ng_2_TestSlice	AHVVPCFDASK	AHVVPC[Common Fixed:Carbamidomethyl on C]FDASK	1229.586292829	45.638853961849	3	P21333|Q60FE5
J3_02ng_2_TestSlice	LGQSDPAPLQHQMDIYQK	LGQSDPAPLQHQM[Common Variable:Oxidation on M]DIYQK	2083.999689417	46.405165611331	3	A0A0B4J1R6|P29401
J3_02ng_2_TestSlice	VFGPGIEGK	VFGPGIEGK	902.486167606	46.151948891703	2	A0A804HK76|E7EN95|O75369
J3_02ng_2_TestSlice	TIAPALVSK	TIAPALVSK	898.5487678640001	46.409476028506	2	A0A2R8Y6I8|A0A2R8Y879|A0A2R8YEM5|K7EM90|K7ERS8|P06733
J3_02ng_2_TestSlice	LENDQIESLR	LENDQIESLR	1215.609530197	48.333343126996	2	H0YHL6|H0YI27|H0YI94|H0YIP0|P56192
J3_02ng_2_TestSlice	RNPDTQWITK	RNPDTQWITK	1257.646584412	45.878230475012	2	A0A2R8YEM3|E7ENU7|E7EQV9|P61313
J3_02ng_2_TestSlice	FQSLNADINK	FQSLNADINK	1148.582587173	48.350578894838	2	P30740
J3_02ng_2_TestSlice	TIAPALVSK	TIAPALVSK	898.5487678640001	46.065465925757	2	A0A2R8Y6I8|A0A2R8Y879|A0A2R8YEM5|K7EM90|K7ERS8|P06733
J3_02ng_2_TestSlice	VIPELNGK	VIPELNGK	868.501817671	45.776866859818	2	E7EUT5|P04406
J3_02ng_2_TestSlice	LMVALAK	LM[Common Variable:Oxidation on M]VALAK	760.451696849	45.732977977022	2	A6NMY6|H0YKS4|H0YL33|H0YM50|H0YMD0|H0YMU9|H0YMW4|H0YN28|H0YN42|H0YNA0|H0YNB8|H0YNP5|P07355
J3_02ng_2_TestSlice	ADEGISFR	ADEGISFR	893.424295624	47.333021309598	2	A0A0A0MSI0|Q06830
J3_02ng_2_TestSlice	LQQSHPLSATQIQVK	LQQSHPLSATQIQVK	1676.9209683439997	48.265815975889	3	A0A0D9SF54|A0A0D9SGF6|Q13813
J3_02ng_2_TestSlice	VHSFPTLK	VHSFPTLK	927.5178020879998	48.41135661068	2	A0A7P0T8C0|A0A7P0T8J3|A0A7P0T8X1|A0A7P0T9K9|A0A7P0TA35|A0A7P0TA71|A0A7P0TA97|A0A7P0TB26|B3KTQ9|H0Y3Z3|H7BZ94|I3L0S0|I3L3P5|I3L4M2|P07237
J3_02ng_2_TestSlice	QSVENDIHGLR	QSVENDIHGLR	1266.631662623	45.831996741517	3	F8VZY9|P05783
J3_02ng_2_TestSlice	VVVLMGSTSDLGHCEK	VVVLM[Common Variable:Oxidation on M]GSTSDLGHC[Common Fixed:Carbamidomethyl on C]EK	1746.828056479	47.879284110292	3	D6RF62|E9PBS1|P22234
J3_02ng_2_TestSlice	SLLSAEEAAK	SLLSAEEAAK	1017.534239999	47.521649661287	2	Q7KZF4
J3_02ng_2_TestSlice	ASITALEAK	ASITALEAK	902.507296974	45.618299161021	2	P35579
J3_02ng_2_TestSlice	NPVMELNEK	NPVMELNEK	1072.52229559	46.371407845243	2	Q12906
J3_02ng_2_TestSlice	HRDYETATLSDIK	HRDYETATLSDIK	1547.757985338	47.266176278019	3	F5GXS2|H7C144|O43707
J3_02ng_2_TestSlice	LLLQVQHASK	LLLQVQHASK	1135.671342609	47.950751974805	3	P05141|P12235|P12236|V9GYG0
J3_02ng_2_TestSlice	VIATFTCSGEK	VIATFTC[Common Fixed:Carbamidomethyl on C]SGEK	1211.585624124	45.741592958196	2	P49189
J3_02ng_2_TestSlice	LMVALAK	LM[Common Variable:Oxidation on M]VALAK	760.451696849	45.844922227287	2	A6NMY6|H0YKS4|H0YL33|H0YM50|H0YMD0|H0YMU9|H0YMW4|H0YN28|H0YN42|H0YNA0|H0YNB8|H0YNP5|P07355
J3_02ng_2_TestSlice	LESGMQNMSIHTK	LESGMQNMSIHTK	1474.690834727	45.121354944134	3	P05787
J3_02ng_2_TestSlice	HGLYLPTR	HGLYLPTR	955.523950097	48.244819059594	2	A0A0U1RQF0|P49327
J3_02ng_2_TestSlice	LTDISVTDPEK	LTDISVTDPEK	1216.6186979	48.05770274264	2	Q9Y333
J3_02ng_2_TestSlice	GPTEADELMK	GPTEADELMK	1089.501225793	46.300265592957	2	P11413
J3_02ng_2_TestSlice	QELSFAAR	QELSFAAR	920.47158017	48.551430609449	2	A0A0U1RQF0|P49327
J3_02ng_2_TestSlice	EAILAIHK	EAILAIHK	893.533452152	46.275203091526	2	F5GXS2|H7C144|O43707
J3_02ng_2_TestSlice	YSNSALGHVNCTIK	YSNSALGHVNC[Common Fixed:Carbamidomethyl on C]TIK	1562.75112631	45.458439360682	3	A0A0U1RQR6|F8W914|H7C106|Q9NQC3
J3_02ng_2_TestSlice	CVNTTLQIK	C[Common Fixed:Carbamidomethyl on C]VNTTLQIK	1075.569580136	47.248940160497	2	Q01518
J3_02ng_2_TestSlice	ENVSNCIQLK	ENVSNC[Common Fixed:Carbamidomethyl on C]IQLK	1203.591772133	47.498867228254	2	Q9ULC4
J3_02ng_2_TestSlice	HIAVFPCK	HIAVFPC[Common Fixed:Carbamidomethyl on C]K	970.50585768	47.623145392164	2	A0A087WUT6|O60841
J3_02ng_2_TestSlice	SAVGFEYQGK	SAVGFEYQGK	1084.518924287	45.270389758174	2	Q14247
J3_02ng_2_TestSlice	TTTLSGTAPAAGVVPSR	TTTLSGTAPAAGVVPSR	1584.847134697	48.121144428476	2	A0A804HKE7|B5MEG9|E7EVA0|F8W9U4|H0Y2V1|H7C4C5|P27816
J3_02ng_2_TestSlice	AVLSAEQLR	AVLSAEQLR	985.555644149	48.539375375334	2	E9PIG2|E9PJH8|E9PK86|E9PLA6|E9PMI5|E9PNX1|E9PPV6|E9PQ34|E9PR70|E9PRS3|P50454
J3_02ng_2_TestSlice	SAAPSTLDSSSTAPAQLGK	SAAPSTLDSSSTAPAQLGK	1787.890121709	45.167559125646	2	H7C4H2|Q9Y5M8
J3_02ng_2_TestSlice	VLAALQER	VLAALQER	898.523615744	45.989459274832	2	A8MXH2|C9J1B1|C9J6D1|C9JZI7|E9PJJ2|E9PKI2|E9PKT8|E9PNJ7|E9PNW0|E9PP22|E9PS34|Q99733
J3_02ng_2_TestSlice	ELTPQVVSAAR	ELTPQVVSAAR	1169.640436403	47.253251193587	2	P18206
J3_02ng_2_TestSlice	LTMQNLNDR	LTMQNLNDR	1103.539342636	45.431407092635	2	P08727
J3_02ng_2_TestSlice	VELSTGMPR	VELSTGMPR	988.501166222	47.005049644534	2	A0A0B4J1Z1|C9JAB2|Q16629
J3_02ng_2_TestSlice	QAGLSYIR	QAGLSYIR	906.492315615	48.198633641624	2	P56381|Q5VTU8
J3_02ng_2_TestSlice	YAVPSAGLR	YAVPSAGLR	932.50796568	47.385150145117	2	P78527
J3_02ng_2_TestSlice	EGNGTVMGAEIR	EGNGTVMGAEIR	1232.581935724	46.198066960398	2	B7Z6Z4|F8VPF3|F8W1R7|G3V1V0|G8JLA2|J3KND3|P60660
J3_02ng_2_TestSlice	MLAEDELR	MLAEDELR	975.469531741	47.980301728471	2	F5H423|P61204|P84077
J3_02ng_2_TestSlice	TTAQVLIR	TTAQVLIR	900.539265809	45.55820919536	2	C9JRZ8|P15121
J3_02ng_2_TestSlice	NVVVVDGVR	NVVVVDGVR	955.545079465	45.342224743589	2	B5MD38|C9JE81|C9JEY0|F5GZQ3|P55084
J3_02ng_2_TestSlice	TLDPDPAIR	TLDPDPAIR	996.524009667	45.24764971199	2	P55060
J3_02ng_2_TestSlice	LQIDVDGR	LQIDVDGR	914.482144854	48.41566657486	2	Q08J23
J3_02ng_2_TestSlice	AVLGTSNFK	AVLGTSNFK	935.507631327	47.393771325175	2	G3V0E5|P02786
J3_02ng_2_TestSlice	DLHDANTDLIGR	DLHDANTDLIGR	1338.652791991	48.091607609018	2	P53985|Q5T8R3|Q5T8R5
J3_02ng_2_TestSlice	NIYSEELR	NIYSEELR	1022.503274222	48.189963911597	2	A0A6Q8PFJ0|P02545
J3_02ng_2_TestSlice	ITLVSAAPGK	ITLVSAAPGK	955.570231585	47.299231809998	2	Q9NPJ3
J3_02ng_2_TestSlice	DTLYEAVR	DTLYEAVR	965.481810502	47.759992959722	2	P62906
J3_02ng_2_TestSlice	VPTISINK	VPTISINK	870.517467735	48.206647259617	2	Q01518
J3_02ng_2_TestSlice	ENFSCLTR	ENFSC[Common Fixed:Carbamidomethyl on C]LTR	1025.460029685	47.171721278254	2	A0A5K1VW95|B9A041|C9JF79|C9JRL4|P40925
J3_02ng_2_TestSlice	GCAVVEFK	GC[Common Fixed:Carbamidomethyl on C]AVVEFK	908.442588717	47.849675626183	2	M0QYL3|M0R019|M0R0N3|M0R2T0|P52272
J3_02ng_2_TestSlice	DATLTALDR	DATLTALDR	974.503274222	48.568667044862	2	A0A2R8Y4F5|A0A2R8YG21|H0YFD6|P40939
J3_02ng_2_TestSlice	VAFSVAR	VAFSVAR	748.423173425	45.449823759619	2	B5MCW2|G5E9G0|H7C422|P39023
J3_02ng_2_TestSlice	VVSLSEYR	VVSLSEYR	951.502545947	48.282525744661	2	A0A494C128|O00567
J3_02ng_2_TestSlice	TVTIVVR	TVTIVVR	786.496338367	46.122325776641	2	P50991
J3_02ng_2_TestSlice	VDPVNFK	VDPVNFK	817.433403757	45.61398837827	2	A0A2R8Y7C0|P69905
J3_02ng_2_TestSlice	GTEITHAVVIK	GTEITHAVVIK	1166.665922876	45.794103358809	2	B5ME19|Q99613
J3_02ng_2_TestSlice	TVSPALISR	TVSPALISR	942.549830493	46.895454560343	2	A0A0C4DGH5|Q86VP6
J3_02ng_2_TestSlice	GYSFTTTAER	GYSFTTTAER	1131.519652563	45.959887344265	2	A0A2R8Y793|A0A2R8YEA7|A0A6Q8PFE4|A0A804GS07|E7EVS6|I3L1U9|I3L3I0|I3L4N8|P60709|P63261
J3_02ng_2_TestSlice	IGCIITAR	IGC[Common Fixed:Carbamidomethyl on C]IITAR	902.500772299	47.261871308708	2	A0A5F9ZHC5|A0A804HJ47|Q12904
J3_02ng_2_TestSlice	TFEINPR	TFEINPR	875.4501164499999	47.955062761529	2	A0A087WT78|A0A7P0T823|A0A7P0T917|A0A7P0TAE1|A0A7P0TAT8|H0YIV0|P14625|Q58FF3
J3_02ng_2_TestSlice	LAQFIGNR	LAQFIGNR	917.508300032	48.070628844325	2	A0A494C128|O00567
J3_02ng_2_TestSlice	EAGVFVPR	EAGVFVPR	873.470851894	48.053392345333	2	P53396
J3_02ng_2_TestSlice	KLEMDLK	KLEMDLK	875.478639873	46.809261928622	2	P35579
J3_02ng_2_TestSlice	LNTGILNK	LNTGILNK	871.512716707	46.308881178125	2	A0A7P0T852|P11387
J3_02ng_2_TestSlice	ELYQQLQR	ELYQQLQR	1076.561457805	45.300004993502	2	H0YDN1|Q15149
J3_02ng_2_TestSlice	LQNLQLQPGNAK	LQNLQLQPGNAK	1322.730648391	47.631765860939	2	P22307
J3_02ng_2_TestSlice	NVVVFDK	NVVVFDK	819.449053821	48.018439311409	2	Q9UMS4
J3_02ng_2_TestSlice	TFEINPR	TFEINPR	875.4501164499999	47.892210045083	2	A0A087WT78|A0A7P0T823|A0A7P0T917|A0A7P0TAE1|A0A7P0TAT8|H0YIV0|P14625|Q58FF3
J3_02ng_2_TestSlice	HMLPSGFR	HMLPSGFR	943.469806523	47.904554409409	2	D3YTB1|F8W727|P62910
J3_02ng_2_TestSlice	ATVSAPFGK	ATVSAPFGK	876.470517542	45.146576776727	2	H0YDN1|Q15149
J3_02ng_2_TestSlice	AGVAPLQVK	AGVAPLQVK	881.533452152	45.401769008859	2	P21333|Q60FE5
J3_02ng_2_TestSlice	LEALSVK	LEALSVK	758.453804849	45.454134578133	2	C9JXG8|F6WQW2|P43487|Q5T0Z6|Q9C010
J3_02ng_2_TestSlice	FVIATSTK	FVIATSTK	865.490918634	45.158937560145	2	Q02878
J3_02ng_2_TestSlice	ALVAYYQK	ALVAYYQK	954.517467735	45.907750927035	2	M0QX76|M0R1M5|M0R210|M0R3H0|P62249
J3_02ng_2_TestSlice	AVDSQILPK	AVDSQILPK	969.54949614	47.623145392164	2	Q02878
J3_02ng_2_TestSlice	GLDISNVK	GLDISNVK	844.4654321609997	46.529837459946	2	A0A0D9SF53|A0A0D9SFB3|A0A0D9SG12|A0A2R8Y4A4|A0A2R8Y5G6|A0A2R8Y645|A0A2R8Y7T2|A0A2R8YCW1|A0A2R8YDT5|A0A2R8YF78|A0A2R8YFR4|A0A2R8YFS5|A0A2U3TZJ9|F6S8Q4|O00571
J3_02ng_2_TestSlice	IGALEGYR	IGALEGYR	877.465766514	45.943343177064	2	K7EIU7|K7EMQ6|K7EPK2|K7EQ35|O43776
J3_02ng_2_TestSlice	VQLVVGDGR	VQLVVGDGR	941.5294294	45.26176884435	2	A0A0A0MRJ6|A0A3F2YNX8|F6S8N6|P22061
J3_02ng_2_TestSlice	SDQDYILK	SDQDYILK	980.481476149	47.423249525452	2	Q9UQ80
J3_02ng_2_TestSlice	EYEAAVEQLK	EYEAAVEQLK	1178.581918468	47.780890209103	2	Q5T9A4
J3_02ng_2_TestSlice	STVAQLVK	STVAQLVK	844.501817671	45.316740392272	2	K7ENJ4|P25705
J3_02ng_2_TestSlice	FDNLYGCR	FDNLYGC[Common Fixed:Carbamidomethyl on C]R	1043.449465001	45.785487678274	2	P23526
J3_02ng_2_TestSlice	QGYVIYR	QGYVIYR	897.470851894	46.538457793617	2	A0A2R8YEM3|E7ENU7|E7EQV9|P61313
J3_02ng_2_TestSlice	LNTLLQR	LNTLLQR	856.5130510599998	48.38601809206	2	A0A1W2PP34|A0A1W2PP35|A0A1W2PPE9|A0A1W2PPH7|A0A1W2PPL4|A0A1W2PPS1|A0A1W2PQ74|A0A1W2PQD4|A0A1W2PQL0|A0A1W2PRZ7|A0A1X7SBS1|Q00839|Q5RI18
J3_02ng_2_TestSlice	VELSQLR	VELSQLR	843.481416579	48.390328509235	2	F2Z388|P42766
J3_02ng_2_TestSlice	QIENVLR	QIENVLR	870.492315615	46.771191277726	2	P20042
J3_02ng_2_TestSlice	VIGSELVQK	VIGSELVQK	971.565146204	46.223208243275	2	C9JX88|P35998
J3_02ng_2_TestSlice	PVLMMNK	PVLMMNK	831.43466706	48.095912792905	2	P13639
J3_02ng_2_TestSlice	GLGVEIAK	GLGVEIAK	785.464703886	48.394639395301	2	P22314
J3_02ng_2_TestSlice	VTEGSFVYK	VTEGSFVYK	1028.517861658	46.903548545265	2	P50395|Q5SX86|Q5SX87|Q5SX90|V9GYF8|V9GYJ7
J3_02ng_2_TestSlice	LAELSDYR	LAELSDYR	965.481810502	47.602097676818	2	Q96PK6
J3_02ng_2_TestSlice	TFEESFQK	TFEESFQK	1014.465826085	45.094328259055	2	P31327
J3_02ng_2_TestSlice	NFYQEHPDLAR	NFYQEHPDLAR	1388.647312688	47.593476643785	3	A0A7I2V2S0|A0A7I2V507|J3KTA4|J3KTQ4|J3QR02|J3QRQ7|P17844|X6RLV5
J3_02ng_2_TestSlice	MVQDGDFVR	MVQDGDFVR	1065.491329814	45.571140458806	2	K7ESG6|Q96AY3
J3_02ng_2_TestSlice	EAILAIHK	EAILAIHK	893.533452152	46.334010726833	2	F5GXS2|H7C144|O43707
J3_02ng_2_TestSlice	IVDVIGEK	IVDVIGEK	871.501483318	47.37723039252	2	H7C4A9|P13861
J3_02ng_2_TestSlice	FAEYGEIK	FAEYGEIK	955.465097809	46.830131275082	2	A0A0J9YW13|Q9Y5S9
J3_02ng_2_TestSlice	EVFGSGTACQVCPVHR	EVFGSGTAC[Common Fixed:Carbamidomethyl on C]QVC[Common Fixed:Carbamidomethyl on C]PVHR	1802.819223129	47.627455427869	3	B3KSI3|M0QXF9|M0QZ10|M0QZP4|O15382
J3_02ng_2_TestSlice	LVAQLYK	LVAQLYK	833.501089395	47.709563794359	2	A0A0C4DGI3|B4DJV2|H0YIC4|O75390
J3_02ng_2_TestSlice	LVAQLYK	LVAQLYK	833.501089395	47.726173125331	2	A0A0C4DGI3|B4DJV2|H0YIC4|O75390
J3_02ng_2_TestSlice	VQEVLLK	VQEVLLK	827.5116540790001	47.705253377183	2	A0A087WWI4|A0A087X054|A0A494C039|E9PJ21|K7EQK2|Q9Y4L1
J3_02ng_2_TestSlice	TTIFTDAK	TTIFTDAK	895.465097809	46.380028612041	2	B8ZZU8|I3L0M9|Q15370
J3_02ng_2_TestSlice	EAGVFVPR	EAGVFVPR	873.470851894	47.955062761529	2	P53396
J3_02ng_2_TestSlice	LVIVGDGACGK	LVIVGDGAC[Common Fixed:Carbamidomethyl on C]GK	1087.569580136	46.214587325478	2	A0A7I2V3G1|A0A7I2V5E6|A0A7I2YQV1|C9JNR4|C9JRM1|C9JX21|E9PLA2|E9PN11|E9PQH6|P08134|P61586|Q5JR05|Q5JR06|Q5JR07|Q5JR08|U3KQA9|U3KQV3
J3_02ng_2_TestSlice	AVDSQILPK	AVDSQILPK	969.54949614	47.975990925852	2	Q02878
J3_02ng_2_TestSlice	VDEAVAVLQAHHAK	VDEAVAVLQAHHAK	1486.789225896	47.482293409729	3	A0A7I2V4L7|A0A7I2V4V6|A0A7I2V598|A0A7I2V5W9|B1ANR0|H0Y5F5|H0Y6X6|H0YER0|H0YEU6|Q13310
J3_02ng_2_TestSlice	ILQAGFK	ILQAGFK	775.459224582	45.716457143052	2	Q15691
J3_02ng_2_TestSlice	LLSESAQPLK	LLSESAQPLK	1084.612824674	45.270389758174	2	Q9H3N1
J3_02ng_2_TestSlice	VIMVTGDHPITAK	VIMVTGDHPITAK	1380.743521749	48.312249325339	3	A0A0A0MT26|A0A2R8YEY8|B1AKY9|H0Y7C1|M0R116|P05023|P13637|P20648|P50993|P54707|Q13733
J3_02ng_2_TestSlice	CGLVIGR	C[Common Fixed:Carbamidomethyl on C]GLVIGR	773.421793701	46.1772139774	2	A0A087WTP3|M0R0C6|Q92945
J3_02ng_2_TestSlice	WVPEITHHCPK	WVPEITHHC[Common Fixed:Carbamidomethyl on C]PK	1402.681590197	46.384333660825	3	A0A494BZX6|A0A494C1M1|A0A590UJK8|P60953|Q5JYX0
J3_02ng_2_TestSlice	DLLHPSPEEEK	DLLHPSPEEEK	1292.624845909	45.312430376434	3	P42677
J3_02ng_2_TestSlice	NEFNLESK	NEFNLESK	979.461075057	46.36709724528	2	H3BMH2|H3BSC1|P62491|Q15907
J3_02ng_2_TestSlice	QEISAAFK	QEISAAFK	892.465432161	45.916371026262	2	E9PHT9|P08758
J3_02ng_2_TestSlice	TTAQVLIR	TTAQVLIR	900.539265809	45.618299161021	2	C9JRZ8|P15121
J3_02ng_2_TestSlice	SAVGFDYQGK	SAVGFDYQGK	1070.503274222	45.882540892188	2	Q14247
J3_02ng_2_TestSlice	TDAPLNIR	TDAPLNIR	898.487230235	46.409476028506	2	I3L0K7|Q12931
J3_02ng_2_TestSlice	GIVEESVTGVHR	GIVEESVTGVHR	1281.66771378	45.234718043232	3	H0Y8B3|O43865|Q96HN2
J3_02ng_2_TestSlice	VIPELNGK	VIPELNGK	868.501817671	45.827686328316	2	E7EUT5|P04406
J3_02ng_2_TestSlice	TCHSFIINEK	TC[Common Fixed:Carbamidomethyl on C]HSFIINEK	1247.596857513	47.406697077179	3	B5ME19|Q99613
J3_02ng_2_TestSlice	LEGFHTQISK	LEGFHTQISK	1158.603322618	45.42710219485	3	H0YKK6|H0YLU2|Q06323
J3_02ng_2_TestSlice	DLLHPSPEEEK	DLLHPSPEEEK	1292.624845909	45.380630376561	3	P42677
J3_02ng_2_TestSlice	HLFLTSK	HLFLTSK	844.480688303	47.057818828646	2	C9JCJ9|J3KQ32|Q9NTK5
J3_02ng_2_TestSlice	LILDSAR	LILDSAR	786.459952858	45.09001781009	2	A0A0B4J1R6|P29401
J3_02ng_2_TestSlice	AILGSVER	AILGSVER	843.481416579	45.112734495227	2	A2RTX5|B7ZLP8|P26639
J3_02ng_2_TestSlice	VELSQLR	VELSQLR	843.481416579	48.453821578248	2	F2Z388|P42766
J3_02ng_2_TestSlice	LLAAEPLSK	LLAAEPLSK	940.559332548	48.483241826916	2	Q8NBJ5
J3_02ng_2_TestSlice	VCADLIR	VC[Common Fixed:Carbamidomethyl on C]ADLIR	845.4429230689999	45.699219642703	2	A0A7P0S5H5|E5RJX2|P60866
J3_02ng_2_TestSlice	TPQAPASANLVGPR	TPQAPASANLVGPR	1377.736462047	45.226698695246	2	Q9UQ35
J3_02ng_2_TestSlice	YGLNMCR	YGLNMC[Common Fixed:Carbamidomethyl on C]R	912.394593151	45.934722243373	2	A0A087WTT6|A0A2R8Y6P7|A0A2R8Y851|P62273
J3_02ng_2_TestSlice	EQAELTGLR	EQAELTGLR	1015.529823324	45.372015411282	2	Q96HS1
J3_02ng_2_TestSlice	LLQDFNR	LLQDFNR	904.476665551	47.831291892751	2	P78527
J3_02ng_2_TestSlice	EVYFAER	EVYFAER	912.434132033	46.139018025621	2	P50238
J3_02ng_2_TestSlice	VIPELNGK	VIPELNGK	868.501817671	45.499874145412	2	E7EUT5|P04406
J3_02ng_2_TestSlice	DCFGCLR	DC[Common Fixed:Carbamidomethyl on C]FGC[Common Fixed:Carbamidomethyl on C]LR	926.373857707	48.041135695203	2	O75531
J3_02ng_2_TestSlice	VELSQLR	VELSQLR	843.481416579	48.560051459694	2	F2Z388|P42766
J3_02ng_2_TestSlice	LVLDSVK	LVLDSVK	772.469454913	47.938450625165	2	E5RHG6|E5RIW3|E5RIX8|E5RJD8|O75347
J3_02ng_2_TestSlice	ERGDYVLAVK	ERGDYVLAVK	1148.618972682	47.835602309926	3	A0A804HK76|E7EN95|O75369
J3_02ng_2_TestSlice	LTVEEAVR	LTVEEAVR	915.502545947	45.39314871095	2	H0YDN1|Q15149
J3_02ng_2_TestSlice	YSGAYGASVSDEELK	YSGAYGASVSDEELK	1574.710032087	48.508271092796	2	A0A286YEX5|C9JRZ6|F8WAR4|Q9NX63
J3_02ng_2_TestSlice	INVSGLTTK	INVSGLTTK	931.533846075	47.618834593519	2	P17174
J3_02ng_2_TestSlice	LQNNNVYTIAK	LQNNNVYTIAK	1276.677550188	45.117044526958	2	A0A087X253|P63010
J3_02ng_2_TestSlice	LEQYTSAIEGTK	LEQYTSAIEGTK	1338.666710722	46.754725009823	2	A0A6Q8PGI1|C9J813|E7EX44|E9PGZ1|Q05682
J3_02ng_2_TestSlice	TDPVDIYK	TDPVDIYK	949.475662493	46.218897810205	2	A0A0J9YXZ5|H0YLE8|P46940
J3_02ng_2_TestSlice	INKVQMSNDSMK	INKVQM[Common Variable:Oxidation on M]SNDSMK	1409.6642856260003	47.490246378009	2	A0A7P0TA60|A0A7P0TAI3|A0A7P0Z448|A0A804HJV8|A0A804HKS3|H7BY37|Q8NEZ4
J3_02ng_2_TestSlice	LIPDSIGK	LIPDSIGK	841.490918634	46.283818275356	2	D6R9B6|D6RAT0|D6RB09|D6RG13|H0Y9Y4|P61247
J3_02ng_2_TestSlice	EQFNEFR	EQFNEFR	968.435194661	48.014133976523	2	Q15293
J3_02ng_2_TestSlice	IISLDAK	IISLDAK	758.453804849	47.013670292123	2	P07814|V9GYZ6
J3_02ng_2_TestSlice	AVDSQILPK	AVDSQILPK	969.54949614	47.469367912038	2	Q02878
J3_02ng_2_TestSlice	VQVSVLK	VQVSVLK	771.485439331	45.321051226679	2	P00966
J3_02ng_2_TestSlice	QIENVLR	QIENVLR	870.492315615	46.813572409376	2	P20042
J3_02ng_2_TestSlice	FLPAVSDENSK	FLPAVSDENSK	1205.592817505	46.800641193612	2	F5GWB7|F5H359|F5H5X6|F5H709|F5H8G6|P46087
J3_02ng_2_TestSlice	MQSTLISAAR	MQSTLISAAR	1076.564829108	47.785200594489	2	A0A2R8Y6P0|A0A2R8Y7S8|A0A2R8YFH0|A0A2R8YG02|E9PHA6|P43246
J3_02ng_2_TestSlice	SIEEVLR	SIEEVLR	844.465432161	48.560051459694	2	A0A2R8Y5U3|A0A2R8YF87|H3BMM5|Q96AX1
J3_02ng_2_TestSlice	IHPTSVISGYR	IHPTSVISGYR	1228.65642082	48.341963210328	3	E7ERF2|F5H136|F5H676|P17987
J3_02ng_2_TestSlice	APLVLKD	APLVLKD	754.4588902290001	46.090831508859	2	K7ELW0|K7EN27|Q99497
J3_02ng_2_TestSlice	TALIHDGLAR	TALIHDGLAR	1065.593092287	45.150881825511	2	P25398
J3_02ng_2_TestSlice	TFEINPR	TFEINPR	875.4501164499999	48.1420638786	2	A0A087WT78|A0A7P0T823|A0A7P0T917|A0A7P0TAE1|A0A7P0TAT8|H0YIV0|P14625|Q58FF3
J3_02ng_2_TestSlice	QPTIFQNK	QPTIFQNK	974.518530364	45.626920011266	2	M0QZC5|M0R1H6|P62280
J3_02ng_2_TestSlice	FASGGCDNLIK	FASGGC[Common Fixed:Carbamidomethyl on C]DNLIK	1180.554658348	47.810404728476	2	A8MXL6|P55735
J3_02ng_2_TestSlice	ILDAAGANLK	ILDAAGANLK	984.560395177	45.886851309363	2	Q9UBQ7|U3KQ56
J3_02ng_2_TestSlice	EVGEHLVSIK	EVGEHLVSIK	1109.608073646	48.286836126073	2	A0A804HK76|E7EN95|O75369
J3_02ng_2_TestSlice	FYEQFSK	FYEQFSK	947.43888306	45.600279425208	2	P07900
J3_02ng_2_TestSlice	LAQFDYGR	LAQFDYGR	968.47158017	48.116839328035	2	Q5T9A4
J3_02ng_2_TestSlice	TAWLDGK	TAWLDGK	789.402103628	48.547119659805	2	A0A7P0TB45|A0A7P0Z497|P23284
J3_02ng_2_TestSlice	AQFLVEK	AQFLVEK	833.464703886	47.673852275435	2	F5GWA7|F5GY37|F5H3X6|Q99623
J3_02ng_2_TestSlice	IGNSYFK	IGNSYFK	827.417753692	45.137955942376	2	P31948
J3_02ng_2_TestSlice	AEAESMYQIK	AEAESMYQIK	1168.543424958	46.886839094385	2	P05787
J3_02ng_2_TestSlice	LVVVGAGGVGK	LVVVGAGGVGK	954.5862160019999	46.94614589475	2	A0A804HJ06|A0A804HKM6|G3V4K2|G3V5T7|P01111|P01112|P01116
J3_02ng_2_TestSlice	VAEFHTELER	VAEFHTELER	1229.604050894	46.967199061934	3	K7EJC1|K7EJR3|K7ERW6|P48556|R4GMR5
J3_02ng_2_TestSlice	IVLVDDR	IVLVDDR	828.470517542	45.681035227203	2	O15067
J3_02ng_2_TestSlice	FAEYGEIK	FAEYGEIK	955.465097809	46.94614589475	2	A0A0J9YW13|Q9Y5S9
J3_02ng_2_TestSlice	LPPPPDIK	LPPPPDIK	875.511654079	46.809261928622	2	B4DXZ6|C9JAJ4|P51114
J3_02ng_2_TestSlice	NDIHTLLK	NDIHTLLK	952.534180428	48.491027826691	2	C9J1V9|D6RBD7|H0YAH9|H0YAL7|O43324
J3_02ng_2_TestSlice	VCADLIR	VC[Common Fixed:Carbamidomethyl on C]ADLIR	845.4429230689999	45.831996741517	2	A0A7P0S5H5|E5RJX2|P60866
J3_02ng_2_TestSlice	ELAVQIQK	ELAVQIQK	927.538931456	45.388837594414	2	P38919
J3_02ng_2_TestSlice	DALQGFK	DALQGFK	777.402103628	46.71668164196	2	M0R268|P08579|P09012
J3_02ng_2_TestSlice	LNFSHGTHEYHAETIK	LNFSHGTHEYHAETIK	1882.896210147	45.418480994924	4	A0A804F6T5|A0A804F729|H3BTN5|P14618
J3_02ng_2_TestSlice	ERHPGSFDVVHVK	ERHPGSFDVVHVK	1505.773910185	45.479227227592	4	C9JEH7|P22090|P62701
J3_02ng_2_TestSlice	DNLAEDIMR	DNLAEDIM[Common Variable:Oxidation on M]R	1091.491723737	48.270126408958	2	B0YJC4|P08670
J3_02ng_2_TestSlice	LVAQLYK	LVAQLYK	833.501089395	47.673852275435	2	A0A0C4DGI3|B4DJV2|H0YIC4|O75390
J3_02ng_2_TestSlice	AFVRPSGTEDVVR	AFVRPSGTEDVVR	1431.747026731	45.304311226432	3	A0A087WT27|A0A494C0G1|A0A494C1E2|A0A494C1Q4|H0Y8I3|H0Y987|J3KN95|O95394
J3_02ng_2_TestSlice	VVVYLQK	VVVYLQK	847.5167394590002	46.50842534167	2	A0A7I2V2F3|A0A7I2V2Q8|A0A7I2V2V5|A0A7I2V3A2|A0A7I2V3M6|A0A7I2V466|A0A7I2V4Z3|A0A7I2V5C5|A0A7I2V5J2|A0A7I2V5L5|A0A7I2V6E3|H0YCY8|P53634
J3_02ng_2_TestSlice	ITVDELK	ITVDELK	816.459284153	47.887905278428	2	Q96AY3
J3_02ng_2_TestSlice	SMIEISR	SMIEISR	834.426938652	47.726173125331	2	B4DUR8|P49368
J3_02ng_2_TestSlice	SLEDVVR	SLEDVVR	816.434132033	46.421704994265	2	Q14152
J3_02ng_2_TestSlice	EGMNIVEAMER	EGMNIVEAM[Common Variable:Oxidation on M]ER	1293.569322611	48.307938177013	2	P62937
J3_02ng_2_TestSlice	NLADCLR	NLADC[Common Fixed:Carbamidomethyl on C]LR	860.417436597	47.389460558319	2	P49721
J3_02ng_2_TestSlice	LLSESAQPLK	LLSESAQPLK	1084.612824674	45.325361612066	2	Q9H3N1
J3_02ng_2_TestSlice	LLLDQEQK	LLLDQEQK	985.54441076	45.121354944134	2	O75937
J3_02ng_2_TestSlice	VVTVGQFK	VVTVGQFK	876.506903051	48.1420638786	2	F8VXU5|Q9UBQ0
J3_02ng_2_TestSlice	LEYGGLGR	LEYGGLGR	863.45011645	45.380630376561	2	Q96DG6
J3_02ng_2_TestSlice	ILQAGFK	ILQAGFK	775.459224582	45.668103975677	2	Q15691
J3_02ng_2_TestSlice	GSSASLVLK	GSSASLVLK	860.49673229	45.218082426612	2	Q00325
J3_02ng_2_TestSlice	DLAALEDK	DLAALEDK	873.444362364	47.274066176637	2	A0A0D9SF54|A0A0D9SGF6|Q13813
J3_02ng_2_TestSlice	LNTLLQR	LNTLLQR	856.5130510599998	48.215267525736	2	A0A1W2PP34|A0A1W2PP35|A0A1W2PPE9|A0A1W2PPH7|A0A1W2PPL4|A0A1W2PPS1|A0A1W2PQ74|A0A1W2PQD4|A0A1W2PQL0|A0A1W2PRZ7|A0A1X7SBS1|Q00839|Q5RI18
J3_02ng_2_TestSlice	AVLCPPPVK	AVLC[Common Fixed:Carbamidomethyl on C]PPPVK	979.55247352	46.36709724528	2	P63000
J3_02ng_2_TestSlice	LFDSTTLEHQK	LFDSTTLEHQK	1317.6564803910003	48.530756094678	3	A0A7I2V2M3|A0A7I2V3K6|A0A7I2V3N2|A0A7I2V3U3|A0A7I2V4C2|A0A7I2V4S8|A0A7I2V5V8|A0A7I2V607|A0A7I2V613|A0A7I2V640|A0A7I2V685|A0A7I2YQC8|A0A7I2YQF8|A0A7I2YQI2|A0A7I2YQI6|A0A7I2YQP9|A0A7I2YQT9|A0A7I2YQU2|A0A7P0MRT9|Q13347|Q5TFK1
J3_02ng_2_TestSlice	GASGTFQLK	GASGTFQLK	907.476331198	46.622041243935	2	Q5SSJ5
J3_02ng_2_TestSlice	LDLQYAK	LDLQYAK	849.459618505	46.954267810408	2	H0YDN1|Q15149
J3_02ng_2_TestSlice	LDLQYAK	LDLQYAK	849.459618505	46.920784944916	2	H0YDN1|Q15149
J3_02ng_2_TestSlice	TTIFTDAK	TTIFTDAK	895.465097809	46.334010726833	2	B8ZZU8|I3L0M9|Q15370
J3_02ng_2_TestSlice	INELTGIK	INELTGIK	886.512382355	47.125716144466	2	C9JX88|P35998
J3_02ng_2_TestSlice	LATSLVEK	LATSLVEK	859.5014833180002	47.207268860563	2	A0A7P0T865|A0A7P0T876|A0A7P0T8Q3|A0A7P0T991|A0A7P0T9R2|A0A7P0TBA8|A0A7P0TBI8|Q96BZ9
J3_02ng_2_TestSlice	GGIMLPEK	GGIM[Common Variable:Oxidation on M]LPEK	859.447339744	47.207268860563	2	B8ZZL8|P61604|S4R3N1
J3_02ng_2_TestSlice	EALENANTNTEVLK	EALENANTNTEVLK	1544.768215669	46.04872179292	2	Q9H444
J3_02ng_2_TestSlice	TFEGIDPK	TFEGIDPK	905.4494477439999	45.930411726856	2	P50395|Q5SX86|Q5SX87
J3_02ng_2_TestSlice	QGNLSSQVPLK	QGNLSSQVPLK	1169.640436403	45.964197777335	2	P78527
J3_02ng_2_TestSlice	ELQDAFSR	ELQDAFSR	964.461409409	46.329705642287	2	H7C2Q8|Q99848
J3_02ng_2_TestSlice	VYSVLSDR	VYSVLSDR	937.486895882	48.291146575038	2	Q8WXX5
J3_02ng_2_TestSlice	ITTMQLER	ITTMQLER	990.516816287	46.746104727809	2	Q14152
J3_02ng_2_TestSlice	VNVTGIYR	VNVTGIYR	920.50796568	48.210957645003	2	A0A3B3ITP6|A0A3B3IU45|E5RG31|P33991
J3_02ng_2_TestSlice	VMLYPSR	VMLYPSR	864.452759477	46.69153949283	2	P18077
J3_02ng_2_TestSlice	EEVGQYLK	EEVGQYLK	964.486561529	46.044411375745	2	Q6GMV3
J3_02ng_2_TestSlice	GISVHISNAEPK	GISVHISNAEPK	1250.6619001239999	45.660400893911	3	A0A087WTZ4|A0A087WV68|A0A087WW61|A0A087WX29|A0A087WX67|A0A087WXQ5|A0A087WXV3|A0A087WYE7|A0A087WYY0|A0A087WZC9|A0A087X260|B1AKP7|G3V162|K7EL26|Q13148
J3_02ng_2_TestSlice	VDFNVPMK	VDFNVPM[Common Variable:Oxidation on M]K	964.468803465	47.087471992397	2	P00558
J3_02ng_2_TestSlice	DISPVLK	DISPVLK	770.453804849	46.325395344321	2	H3BQB1|H3BQF1|H3BQZ9|H3BSW3|P07741
J3_02ng_2_TestSlice	NVPNLHVMK	NVPNLHVMK	1050.5644351850003	48.320869460328	2	A0A1W2PQS6|A0A2R8Y6L3|A0A2R8Y7H1|A0A2R8YFH6|F6U211|P46783|Q9NQ39|S4R435
J3_02ng_2_TestSlice	EQFNEFR	EQFNEFR	968.435194661	47.975990925852	2	Q15293
J3_02ng_2_TestSlice	AQFLVEK	AQFLVEK	833.464703886	47.726173125331	2	F5GWA7|F5GY37|F5H3X6|Q99623
J3_02ng_2_TestSlice	AQFLVEK	AQFLVEK	833.464703886	47.709563794359	2	F5GWA7|F5GY37|F5H3X6|Q99623
J3_02ng_2_TestSlice	SFSEFGK	SFSEFGK	800.370469146	45.689650192483	2	A0A6Q8PH31|A0A6Q8PH35|A0A6Q8PHG0|B4DT28|O43390
J3_02ng_2_TestSlice	LITQTFSHHNQLAQK	LITQTFSHHNQLAQK	1764.927116353	45.188505958144	3	A0A0A0MSS4|A0A0A0MSU9|Q9Y266
J3_02ng_2_TestSlice	SDTPLIYK	SDTPLIYK	935.4963979380002	47.751372725391	2	A0A0A0MSX9|A0A804HHW9|A0A804HIG2|A0A804HIV9|A0A804HJ36|A0A804HJN6|A0A804HK69|A0A804HKU1|A0A804HL54|J3KR24|P41252
J3_02ng_2_TestSlice	DIVNGLR	DIVNGLR	785.439551766	47.316474126403	2	B1AK87|B1AK88|P47756
J3_02ng_2_TestSlice	AVDALLTHCK	AVDALLTHC[Common Fixed:Carbamidomethyl on C]K	1126.580479173	46.202377361679	3	I3L1A3|I3L3C4|I3L3U9|J3QSV6|O76021
J3_02ng_2_TestSlice	DEPCLLK	DEPC[Common Fixed:Carbamidomethyl on C]LLK	873.4266042989999	47.274066176637	2	A0A804HK76|E7EN95|O75369
J3_02ng_2_TestSlice	QDNLALIK	QDNLALIK	913.523281391	45.441195427004	2	Q5JVD3|Q7Z7A1
J3_02ng_2_TestSlice	YKPVCNQVECHPYFNR	YKPVC[Common Fixed:Carbamidomethyl on C]NQVEC[Common Fixed:Carbamidomethyl on C]HPYFNR	2109.951299929	48.146368442599	4	A0A0A0MSS8|P42330|S4R3Z2
J3_02ng_2_TestSlice	QLEAIVR	QLEAIVR	827.486501959	45.972817991797	2	B1AHB1|P33992
J3_02ng_2_TestSlice	ANFENLAK	ANFENLAK	905.460681134	45.891161893431	2	Q14247
J3_02ng_2_TestSlice	VDEMSQDIVK	VDEMSQDIVK	1162.553989642	45.895466894531	2	A0A087WZK9|B3KS98|E5RJT0|O15372
J3_02ng_2_TestSlice	VVYPLEK	VVYPLEK	846.485104978	47.525960559273	2	C9IYT0|H7C2Q2|O60832
J3_02ng_2_TestSlice	WLHNEDQMAVEK	WLHNEDQMAVEK	1498.687463424	47.022286942228	3	P37837
J3_02ng_2_TestSlice	GLCGAIHSSIAK	GLC[Common Fixed:Carbamidomethyl on C]GAIHSSIAK	1212.628491995	45.685345628484	3	P36542
J3_02ng_2_TestSlice	TPEMIIQK	TPEMIIQK	958.515753658	46.725302476311	2	Q09666
J3_02ng_2_TestSlice	IFSQETLTK	IFSQETLTK	1065.570625508	47.75568292799	2	Q9UHG3
J3_02ng_2_TestSlice	FPDENFK	FPDENFK	895.407582931	47.963683925692	2	A0A7P0TB45|A0A7P0Z497|P23284
J3_02ng_2_TestSlice	SMIEISR	SMIEISR	834.426938652	47.709563794359	2	B4DUR8|P49368
J3_02ng_2_TestSlice	QALLQYK	QALLQYK	862.491252987	48.062012778346	2	Q02790
J3_02ng_2_TestSlice	GLCGAIHSSIAK	GLC[Common Fixed:Carbamidomethyl on C]GAIHSSIAK	1212.628491995	45.707840858523	2	P36542
J3_02ng_2_TestSlice	DMLLANK	DMLLANK	803.421124996	45.445513342444	2	F8VPE8|F8VQY6|F8VRK7|F8VS58|F8VU65|F8VW21|F8VWS0|F8VWV4|F8VZS0|G3V210|P05388|Q8NHW5
J3_02ng_2_TestSlice	VDPVNFK	VDPVNFK	817.433403757	45.638853961849	2	A0A2R8Y7C0|P69905
J3_02ng_2_TestSlice	LLLTSTEK	LLLTSTEK	903.527698067	46.682918141905	2	C9JVB6|Q7L0Y3
J3_02ng_2_TestSlice	HMYHSLYLK	HMYHSLYLK	1190.590649934	47.32871094408	3	A0A7I2YQG2|J3KTE4|J3QR09|P84098
J3_02ng_2_TestSlice	IEDVTPIPSDSTR	IEDVTPIPSDSTR	1428.709638164	46.189446161811	2	A0A2R8Y811|P62263
J3_02ng_2_TestSlice	GSEEELADIK	GSEEELADIK	1089.518983857	46.857221959654	2	Q8WXX5
J3_02ng_2_TestSlice	EAAEKEQELLK	EAAEKEQELLK	1286.671796103	46.279512793446	3	Q6ZN66
J3_02ng_2_TestSlice	MMVAGFK	MM[Common Variable:Oxidation on M]VAGFK	798.3768178299998	47.942755975946	2	A0A1W2PP34|A0A1W2PP35|A0A1W2PPH7|A0A1W2PPL4|A0A1W2PPS1|A0A1W2PQ74|A0A1W2PQD4|A0A1W2PQL0|A0A1W2PRZ7|A0A1X7SBS1|Q00839|Q5RI18
J3_02ng_2_TestSlice	YMPQNPHIIATK	YMPQNPHIIATK	1411.728206038	46.482821177069	3	E9PC52|Q16576|Q5JP01
J3_02ng_2_TestSlice	AVDSQILPK	AVDSQILPK	969.54949614	48.014133976523	2	Q02878
J3_02ng_2_TestSlice	FYDLSSK	FYDLSSK	858.412333959	46.673041060193	2	A0A087WUL9|E9PL38|H0YD73|J3KNQ3|Q9UNM6
J3_02ng_2_TestSlice	TILLNTK	TILLNTK	801.496004015	46.86153177681	2	H0YLE8|P46940
J3_02ng_2_TestSlice	LPYSVVR	LPYSVVR	832.480688303	48.337653508409	2	P01024
J3_02ng_2_TestSlice	LNFSHGTHEYHAETIK	LNFSHGTHEYHAETIK	1882.896210147	45.26176884435	4	A0A804F6T5|A0A804F729|H3BTN5|P14618
K13_02ng_2_TestSlice	ASASGSGAQVGGPISSGSSASSVTVTR	ASASGSGAQVGGPISSGSSASSVTVTR	2364.151709109	44.23539742492	3	A0A6Q8PFJ0|P02545
K13_02ng_2_TestSlice	GEHPGLSIGDVAK	GEHPGLSIGDVAK	1278.656814743	44.210380258783	2	B2RPK0|P09429|Q5T7C4
K13_02ng_2_TestSlice	VLHEAEGHIVTCETNTGEVYR	VLHEAEGHIVTC[Common Fixed:Carbamidomethyl on C]ETNTGEVYR	2413.133222769	44.248329256598	4	H3BT13|P62318
K13_02ng_2_TestSlice	LDPGSEETQTLVR	LDPGSEETQTLVR	1443.7205372	44.415619491164	2	P26641
K13_02ng_2_TestSlice	VLHEAEGHIVTCETNTGEVYR	VLHEAEGHIVTC[Common Fixed:Carbamidomethyl on C]ETNTGEVYR	2413.133222769	44.27089292469	3	H3BT13|P62318
K13_02ng_2_TestSlice	THEAEIVEGENHTYCIR	THEAEIVEGENHTYC[Common Fixed:Carbamidomethyl on C]IR	2056.927252751	44.352466856066	3	P21333|Q60FE5
K13_02ng_2_TestSlice	VMLGETNPADSKPGTIR	VMLGETNPADSKPGTIR	1784.909083506	44.356778207048	3	E7ERL0|J3KPD9|O60361|P15531|P22392|Q32Q12
K13_02ng_2_TestSlice	SQICDNAALYAQK	SQIC[Common Fixed:Carbamidomethyl on C]DNAALYAQK	1480.698028108	42.049546689415	2	P55060
K13_02ng_2_TestSlice	DVACGANHTLVLDSQK	DVAC[Common Fixed:Carbamidomethyl on C]GANHTLVLDSQK	1726.830833184	42.091545107587	3	Q9P258
K13_02ng_2_TestSlice	AHSSMVGVNLPQK	AHSSM[Common Variable:Oxidation on M]VGVNLPQK	1382.697634185	42.019870108986	3	P00558
K13_02ng_2_TestSlice	VLQSFTVDSSK	VLQSFTVDSSK	1209.624117633	43.964497572804	2	A0A804HK76|E7EN95|O75369
K13_02ng_2_TestSlice	TITVALADGGRPDNTGR	TITVALADGGRPDNTGR	1712.880560083	44.168761124833	3	A0A6Q8PF33|A0A6Q8PFY2|A0A6Q8PGE8|A0A6Q8PGN5|A0A6Q8PGR9|H3BPK7|P49588
K13_02ng_2_TestSlice	GEHPGLSIGDVAK	GEHPGLSIGDVAK	1278.656814743	44.176693457985	3	B2RPK0|P09429|Q5T7C4
K13_02ng_2_TestSlice	THEAEIVEGENHTYCIR	THEAEIVEGENHTYC[Common Fixed:Carbamidomethyl on C]IR	2056.927252751	44.31688354276	4	P21333|Q60FE5
K13_02ng_2_TestSlice	LSHANSAVVLSAVK	LSHANSAVVLSAVK	1394.788163268	44.189626140022	3	A0A087X253|P63010
K13_02ng_2_TestSlice	RPISADSAIMNPASK	RPISADSAIMNPASK	1556.798076503	41.875131840134	3	A0A087WVQ6|Q00610
K13_02ng_2_TestSlice	KPVVNIITPSHVEER	KPVVNIITPSHVEER	1716.952268473	44.898374123001	4	Q16719
K13_02ng_2_TestSlice	QTLQSEQPLQVAR	QTLQSEQPLQVAR	1496.7947052	44.551308125877	2	C9JX88|P35998
K13_02ng_2_TestSlice	ATSTATSGFAGAIGQK	ATSTATSGFAGAIGQK	1466.736521617	44.407003206635	2	A0A2R8Y7L2|A0A2R8YD50|A0A804HIR1|A0A804HK65|A0A804HKU2|E7EPL9|E7ET17|P51659
K13_02ng_2_TestSlice	SIFQHIQSAQSQR	SIFQHIQSAQSQR	1528.77463846	44.728671692435	3	A0A3B3ITZ9|Q9Y2W1
K13_02ng_2_TestSlice	LSNRPAFMPSEGK	LSNRPAFMPSEGK	1432.713284249	42.079181125387	3	F5GXS2|H7C144|O43707
K13_02ng_2_TestSlice	IGGDAGTSLNSNDYGYGGQK	IGGDAGTSLNSNDYGYGGQK	1972.876262549	44.502908474827	2	C9JSZ1|E9PEB5|Q96AE4
K13_02ng_2_TestSlice	TFVSGACDASIK	TFVSGAC[Common Fixed:Carbamidomethyl on C]DASIK	1254.59143778	41.973534058158	2	C9JIS1|C9JXA5|E7EP32|P62879
K13_02ng_2_TestSlice	TQVTVQYMQDR	TQVTVQYMQDR	1367.650349638	42.86068149271	2	P31153
K13_02ng_2_TestSlice	DVFRDPALK	DVFRDPALK	1059.571294213	43.989827122911	2	K7ELC7|P61353
K13_02ng_2_TestSlice	VGDVYIPR	VGDVYIPR	917.497066643	44.252640142663	2	J3KP15|J3QL05|Q01130|Q9BRL6
K13_02ng_2_TestSlice	VQISPDSGGLPER	VQISPDSGGLPER	1353.688843148	44.109626057371	2	A0A087WTP3|M0R0C6|Q92945
K13_02ng_2_TestSlice	TYSVVPMTSR	TYSVVPMTSR	1139.564494756	45.060043639565	2	P78527
K13_02ng_2_TestSlice	QPPVSPGTALVGSQK	QPPVSPGTALVGSQK	1464.793642572	43.877924639606	2	P17096
K13_02ng_2_TestSlice	VACIGAWHPAR	VAC[Common Fixed:Carbamidomethyl on C]IGAWHPAR	1236.618596016	43.509113441531	3	B5MCW2|G5E9G0|H7C422|P39023
K13_02ng_2_TestSlice	MAVLNEQVK	MAVLNEQVK	1030.548116415	42.348279490693	2	E9PRH9|H0YF33|P49321|Q5T624
K13_02ng_2_TestSlice	IDVSIEAASGGK	IDVSIEAASGGK	1145.592817505	44.580682574336	2	E9PEX6|P09622
K13_02ng_2_TestSlice	VAVNDAHLLQYNHR	VAVNDAHLLQYNHR	1648.843386727	44.563445606454	4	P17931
K13_02ng_2_TestSlice	PAFFAEK	PAFFAEK	808.411940036	44.712237893168	2	P04083
K13_02ng_2_TestSlice	LNELLVK	LNELLVK	827.511654079	44.672425193214	2	I3L0K7|Q12931
K13_02ng_2_TestSlice	LLYNRPGTVSSLK	LLYNRPGTVSSLK	1446.819463397	44.762376907094	3	A0A494C028|B4DFG0|D6RDA2|H0Y8X0|H0Y993|P35659
K13_02ng_2_TestSlice	HLLIGVSSDR	HLLIGVSSDR	1095.603656971	41.912658574804	2	P36542
K13_02ng_2_TestSlice	GSLGQGTAPVLPGK	GSLGQGTAPVLPGK	1280.708850317	44.511530390008	2	A0A3B3IS06|A0A6I8PRA0|E7ETY2|H0Y8Y7|Q13428
K13_02ng_2_TestSlice	YVAAAFPSACGK	YVAAAFPSAC[Common Fixed:Carbamidomethyl on C]GK	1240.591043857	44.800391489887	2	H0YM31|H0YML5|Q16822
K13_02ng_2_TestSlice	LNFAVASR	LNFAVASR	876.481750931	44.588521089776	2	P30101
K13_02ng_2_TestSlice	VVVCDNGTGFVK	VVVC[Common Fixed:Carbamidomethyl on C]DNGTGFVK	1293.638722326	44.348155989869	2	A0A1B0GWD0|A0A1B0GWH0|P61160
K13_02ng_2_TestSlice	VPTISINK	VPTISINK	870.517467735	42.272329841677	2	Q01518
K13_02ng_2_TestSlice	VFIEDVSR	VFIEDVSR	963.502545947	44.737293559933	2	P00966
K13_02ng_2_TestSlice	GLNISAVR	GLNISAVR	828.4817509309999	43.30840507609	2	E7EX17|F8VP89|F8VRU1|F8VSC7|F8VX11|F8VYE9|F8W0K0|P23588
K13_02ng_2_TestSlice	VFIEDVSR	VFIEDVSR	963.502545947	44.762376907094	2	P00966
K13_02ng_2_TestSlice	HHCPNTPIILVGTK	HHC[Common Fixed:Carbamidomethyl on C]PNTPIILVGTK	1585.839881746	44.542692441368	3	P63000
K13_02ng_2_TestSlice	PAFFAEK	PAFFAEK	808.411940036	44.300336141014	2	P04083
K13_02ng_2_TestSlice	ATIAGGGVIPHIHK	ATIAGGGVIPHIHK	1369.783018317	44.559134140237	3	P0C0S5|Q71UI9
K13_02ng_2_TestSlice	FYTEDSPGLK	FYTEDSPGLK	1155.544804683	42.276640290642	2	P60468|S4R3B5
K13_02ng_2_TestSlice	HDLDLICR	HDLDLIC[Common Fixed:Carbamidomethyl on C]R	1040.507314231	43.342409959062	2	P62140
K13_02ng_2_TestSlice	LNEILQAR	LNEILQAR	955.545079465	42.028485074266	2	B5ME19|Q99613
K13_02ng_2_TestSlice	LSEGFSIHTR	LSEGFSIHTR	1145.582921526	42.074876374626	3	P20618
K13_02ng_2_TestSlice	LSNLALVKPEK	LSNLALVKPEK	1210.728523134	43.52204015913	3	K7EQA1|O14737
K13_02ng_2_TestSlice	PLYIPSNR	PLYIPSNR	958.523615744	43.304094273472	2	A0A7I2V2T6|K7ELL7|K7EPW7|P14314
K13_02ng_2_TestSlice	MPEFYNR	MPEFYNR	955.422187624	44.219001808389	2	P00966
K13_02ng_2_TestSlice	VELSQLR	VELSQLR	843.481416579	41.964914225165	2	F2Z388|P42766
K13_02ng_2_TestSlice	DGLILTSR	DGLILTSR	873.491981263	44.74591439031	2	K7ELW0|K7EN27|Q99497
K13_02ng_2_TestSlice	HLPNDPMFK	HLPNDPMFK	1097.532800704	43.951570489629	2	A0A0C4DGI3|B4DJV2|H0YIC4|O75390
K13_02ng_2_TestSlice	GEENLMDAQVK	GEENLMDAQVK	1232.570702335	42.352589907869	2	H7C4C8|P50990
K13_02ng_2_TestSlice	FDTQYPYGEK	FDTQYPYGEK	1246.550618339	42.611062890911	2	P30040
K13_02ng_2_TestSlice	HFVGMLPEK	HFVGMLPEK	1056.542637112	44.227616841221	2	F6RFD5|P60981
K13_02ng_2_TestSlice	SFAGNLNTYK	SFAGNLNTYK	1113.545473388	44.538381622855	2	A0A7I2V3Z0|B1APP6|Q01813
K13_02ng_2_TestSlice	FLIATGERPR	FLIATGERPR	1158.650941517	43.067308825874	3	A0A087WSW9|A0A087WSY9|A0A182DWI3|E2QRB9|E9PIR7|E9PKD3|F8W809|Q16881
K13_02ng_2_TestSlice	LVGYLDR	LVGYLDR	834.4599528579998	42.627956659222	2	C9JIZ6|P07602|Q5BJH1
K13_02ng_2_TestSlice	GDVDVSLPK	GDVDVSLPK	928.486561529	43.312715473398	2	Q09666
K13_02ng_2_TestSlice	YQYGGLNSGRPVTPPR	YQYGGLNSGRPVTPPR	1760.895816224	44.42344870828	3	P62140
K13_02ng_2_TestSlice	LEIMLEPK	LEIMLEPK	971.5361547499999	43.414294189835	2	A0A7P0T8B7|A0A7P0T8I1|A0A7P0T9P8|A0A7P0T9Z9|A0A7P0TB74|A0A7P0TBL2|F8WJN6|Q9H2J7
K13_02ng_2_TestSlice	GNLANVIR	GNLANVIR	855.492649968	42.165020142619	2	P05141|P12235|P12236|V9GYG0
K13_02ng_2_TestSlice	VPTISINK	VPTISINK	870.517467735	42.268019492054	2	Q01518
K13_02ng_2_TestSlice	SSLLEKGLDGAK	SSLLEKGLDGAK	1216.666316799	44.732982407633	2	P81605
K13_02ng_2_TestSlice	VDFSITK	VDFSITK	808.433069404	44.816863376522	2	H7BXF3|H7C2L4|P62995
K13_02ng_2_TestSlice	ILDMCAAPGSK	ILDMC[Common Fixed:Carbamidomethyl on C]AAPGSK	1161.552215995	43.363544641558	2	Q08J23
K13_02ng_2_TestSlice	SYEPLEDPGVK	SYEPLEDPGVK	1232.592483152	44.655946622912	2	F2Z393|P37837
K13_02ng_2_TestSlice	SIDTGMGLER	SIDTGMGLER	1077.5124591820002	43.274418273195	2	A0A6Q8PF33|A0A6Q8PFY2|A0A6Q8PGE8|A0A6Q8PGN5|A0A6Q8PGR9|H3BPK7|P49588
K13_02ng_2_TestSlice	PLQYQSTVASGTVAR	PLQYQSTVASGTVAR	1576.820919948	43.706522908433	2	Q13823
K13_02ng_2_TestSlice	TYSVVPMTSR	TYSVVPMTSR	1139.564494756	45.051422809188	2	P78527
K13_02ng_2_TestSlice	STELLIR	STELLIR	830.486167606	44.266582308833	2	A0A590UJJ6|B4DEB1|K7EK07|K7EMV3|K7EP01|K7ES00|P68431|P84243|Q16695|Q5TEC6|Q6NXT2|Q71DI3
K13_02ng_2_TestSlice	DSAQNSVIIVDK	DSAQNSVIIVDK	1287.667045075	42.361204924806	2	G3V0E5|P02786
K13_02ng_2_TestSlice	YYTPTISR	YYTPTISR	999.502545947	42.011249739552	2	P49721
K13_02ng_2_TestSlice	FSDIQIR	FSDIQIR	877.4657665139999	44.244018473848	2	F5H2F4|P11586|V9GYY3
K13_02ng_2_TestSlice	DYFEQYGK	DYFEQYGK	1048.45017602	44.703616474692	2	A0A2R8Y4L2|A0A7I2V2L6|A0A7I2V3R8|A0A7I2V3W0|A0A7I2V5U9|A0A7I2YQX9|F8VTQ5|F8VZ49|F8W6I7|P09651|Q32P51
K13_02ng_2_TestSlice	EQVIAALR	EQVIAALR	898.523615744	44.373309058571	2	H0Y579|P54727
K13_02ng_2_TestSlice	DVSYLYR	DVSYLYR	914.449782097	44.559134140237	2	P15328
K13_02ng_2_TestSlice	NMSVHLSPCFR	NM[Common Variable:Oxidation on M]SVHLSPC[Common Fixed:Carbamidomethyl on C]FR	1362.617275863	44.436380992953	3	M0QZC5|P62280
K13_02ng_2_TestSlice	LAQANGWGVMVSHR	LAQANGWGVM[Common Variable:Oxidation on M]VSHR	1540.756880396	44.31688354276	3	P06733
K13_02ng_2_TestSlice	QILAPVVK	QILAPVVK	866.558938625	44.741603973134	2	A0A0J9YXZ5|H0YLE8|P46940
K13_02ng_2_TestSlice	ATIAGGGVIPHIHK	ATIAGGGVIPHIHK	1369.783018317	44.386241792266	3	P0C0S5|Q71UI9
K13_02ng_2_TestSlice	LEHEYIQNFK	LEHEYIQNFK	1319.651001087	43.466897490247	3	Q15691
K13_02ng_2_TestSlice	VIMVTGDHPITAK	VIMVTGDHPITAK	1380.743521749	42.873612525686	3	A0A0A0MT26|A0A2R8YEY8|B1AKY9|H0Y7C1|M0R116|P05023|P13637|P20648|P50993|P54707|Q13733
K13_02ng_2_TestSlice	AIFAGYK	AIFAGYK	768.417025416	43.612932923063	2	C9K025|F8WB72|F8WBS5|P18077
K13_02ng_2_TestSlice	AMMYSGELK	AMMYSGELK	1028.467089388	44.31688354276	2	A0A7I2V2T3|A0A7I2YQK5|E7ETK5|H0Y4R1|P12268
K13_02ng_2_TestSlice	LELAQYR	LELAQYR	891.481416579	43.154115957642	2	P25705
K13_02ng_2_TestSlice	FNGSHVVGSPFK	FNGSHVVGSPFK	1274.640770756	44.477870641772	3	A0A804HK76|E7EN95|O75369
